日期,水情警戒等級,區域
20120718,1,0
20120718,2,6
20120718,2,3
20120718,1,9
20120718,4,12
20120718,3,13
20120818,0,0
20120818,0,1
20120818,0,2
20120818,0,3
20120818,0,4
20120818,0,5
20120818,0,6
20120818,0,7
20120818,0,8
20120818,0,9
20120818,0,10
20120818,0,11
20120818,0,12
20120818,0,13
20120918,0,0
20120918,0,1
20120918,0,2
20120918,0,3
20120918,0,4
20120918,0,5
20120918,0,6
20120918,0,7
20120918,0,8
20120918,0,9
20120918,0,10
20120918,0,11
20120918,0,12
20120918,0,13
20121018,0,0
20121018,0,1
20121018,0,2
20121018,0,3
20121018,0,4
20121018,0,5
20121018,0,6
20121018,0,7
20121018,0,8
20121018,0,9
20121018,0,10
20121018,0,11
20121018,0,12
20121018,0,13
20121112,0,0
20121112,0,1
20121112,0,4
20121112,0,5
20121112,0,6
20121112,0,7
20121112,0,8
20121112,0,9
20121112,0,10
20121112,0,11
20121112,0,12
20121112,0,13
20121112,1,2
20121112,1,3
20121119,0,0
20121119,0,1
20121119,0,4
20121119,0,5
20121119,0,6
20121119,0,7
20121119,0,8
20121119,0,9
20121119,0,10
20121119,0,13
20121119,1,3
20121119,1,2
20121119,1,11
20121119,1,12
20121204,0,0
20121204,0,1
20121204,0,2
20121204,0,3
20121204,0,4
20121204,0,5
20121204,0,6
20121204,0,7
20121204,0,8
20121204,0,9
20121204,0,10
20121204,0,13
20121204,1,11
20121204,1,12
20130106,0,0
20130106,0,1
20130106,0,2
20130106,0,3
20130106,0,4
20130106,0,5
20130106,0,6
20130106,0,7
20130106,0,8
20130106,0,9
20130106,0,10
20130106,0,11
20130106,0,12
20130106,0,13
20130206,0,0
20130206,0,1
20130206,0,2
20130206,0,3
20130206,0,4
20130206,0,5
20130206,0,6
20130206,0,7
20130206,0,8
20130206,0,9
20130206,0,10
20130206,0,11
20130206,0,12
20130206,0,13
20130306,0,0
20130306,0,1
20130306,0,4
20130306,0,5
20130306,0,6
20130306,0,7
20130306,0,8
20130306,0,9
20130306,0,10
20130306,0,13
20130306,1,11
20130306,1,12
20130306,1,2
20130306,1,3
20130313,0,0
20130313,0,1
20130313,0,5
20130313,0,6
20130313,0,7
20130313,0,8
20130313,0,9
20130313,0,10
20130313,0,13
20130313,1,2
20130313,1,3
20130313,1,4
20130313,1,11
20130313,1,12
20130315,0,0
20130315,0,1
20130315,0,5
20130315,0,6
20130315,0,7
20130315,0,8
20130315,0,9
20130315,0,13
20130315,1,2
20130315,2,3
20130315,1,4
20130315,1,11
20130315,1,12
20130315,1,10
20130319,0,0
20130319,0,1
20130319,0,13
20130319,1,2
20130319,2,3
20130319,1,4
20130319,1,5
20130319,1,6
20130319,1,8
20130319,1,7
20130319,1,9
20130319,1,10
20130319,1,11
20130319,1,12
20130322,0,0
20130322,0,1
20130322,0,13
20130322,1,2
20130322,2,3
20130322,1,4
20130322,1,5
20130322,1,6
20130322,1,8
20130322,1,7
20130322,1,9
20130322,1,10
20130322,1,11
20130322,2,12
20130404,0,0
20130404,0,1
20130404,0,4
20130404,0,5
20130404,0,6
20130404,0,7
20130404,0,8
20130404,0,9
20130404,0,13
20130404,1,2
20130404,2,3
20130404,1,10
20130404,1,11
20130404,2,12
20130416,0,0
20130416,0,1
20130416,0,4
20130416,0,5
20130416,0,6
20130416,0,7
20130416,0,8
20130416,0,9
20130416,0,13
20130416,1,2
20130416,2,3
20130416,1,10
20130416,1,11
20130416,2,12
20130426,0,0
20130426,0,1
20130426,0,4
20130426,0,5
20130426,0,6
20130426,0,7
20130426,0,8
20130426,0,9
20130426,0,13
20130426,1,2
20130426,1,3
20130426,1,10
20130426,1,11
20130426,2,12
20130508,0,0
20130508,0,1
20130508,0,4
20130508,0,5
20130508,0,6
20130508,0,7
20130508,0,8
20130508,0,9
20130508,0,10
20130508,0,13
20130508,1,2
20130508,1,3
20130508,1,11
20130508,1,12
20130510,0,0
20130510,0,1
20130510,0,2
20130510,0,3
20130510,0,4
20130510,0,5
20130510,0,6
20130510,0,7
20130510,0,8
20130510,0,9
20130510,0,10
20130510,0,13
20130510,1,11
20130510,1,12
20130523,0,0
20130523,0,1
20130523,0,2
20130523,0,3
20130523,0,4
20130523,0,5
20130523,0,6
20130523,0,7
20130523,0,8
20130523,0,9
20130523,0,10
20130523,0,11
20130523,0,13
20130523,1,12
20130623,0,0
20130623,0,1
20130623,0,2
20130623,0,3
20130623,0,4
20130623,0,5
20130623,0,6
20130623,0,7
20130623,0,8
20130623,0,9
20130623,0,10
20130623,0,11
20130623,0,12
20130623,0,13
20130723,0,0
20130723,0,1
20130723,0,2
20130723,0,3
20130723,0,4
20130723,0,5
20130723,0,6
20130723,0,7
20130723,0,8
20130723,0,9
20130723,0,10
20130723,0,11
20130723,0,12
20130723,0,13
20130801,0,0
20130801,0,1
20130801,0,2
20130801,0,3
20130801,0,4
20130801,0,5
20130801,0,6
20130801,0,7
20130801,0,8
20130801,0,9
20130801,0,10
20130801,0,11
20130801,0,12
20130801,0,13
20130812,0,1
20130812,0,2
20130812,0,3
20130812,0,4
20130812,0,5
20130812,0,6
20130812,0,7
20130812,0,8
20130812,0,9
20130812,0,10
20130812,0,11
20130812,0,12
20130812,0,13
20130812,1,0
20130901,0,0
20130901,0,1
20130901,0,2
20130901,0,3
20130901,0,4
20130901,0,5
20130901,0,6
20130901,0,7
20130901,0,8
20130901,0,9
20130901,0,10
20130901,0,11
20130901,0,12
20130901,0,13
20130910,0,0
20130910,0,1
20130910,0,2
20130910,0,3
20130910,0,4
20130910,0,5
20130910,0,6
20130910,0,7
20130910,0,8
20130910,0,9
20130910,0,10
20130910,0,11
20130910,0,12
20130910,0,13
20130920,0,0
20130920,0,1
20130920,0,2
20130920,0,3
20130920,0,4
20130920,0,5
20130920,0,6
20130920,0,7
20130920,0,8
20130920,0,9
20130920,0,10
20130920,0,11
20130920,0,12
20130920,0,13
20130930,0,0
20130930,0,1
20130930,0,2
20130930,0,3
20130930,0,4
20130930,0,5
20130930,0,6
20130930,0,7
20130930,0,8
20130930,0,9
20130930,0,10
20130930,0,11
20130930,0,12
20130930,0,13
20131001,0,0
20131001,0,1
20131001,0,2
20131001,0,3
20131001,0,4
20131001,0,5
20131001,0,6
20131001,0,7
20131001,0,8
20131001,0,9
20131001,0,10
20131001,0,11
20131001,0,12
20131001,0,13
20131010,0,0
20131010,0,1
20131010,0,2
20131010,0,3
20131010,0,4
20131010,0,5
20131010,0,6
20131010,0,7
20131010,0,8
20131010,0,9
20131010,0,10
20131010,0,11
20131010,0,12
20131010,0,13
20131015,0,0
20131015,0,1
20131015,0,2
20131015,0,3
20131015,0,4
20131015,0,5
20131015,0,6
20131015,0,7
20131015,0,8
20131015,0,9
20131015,0,10
20131015,0,11
20131015,0,12
20131015,0,13
20131018,0,0
20131018,0,1
20131018,0,2
20131018,0,3
20131018,0,4
20131018,0,5
20131018,0,6
20131018,0,7
20131018,0,8
20131018,0,9
20131018,0,10
20131018,0,11
20131018,0,12
20131018,0,13
20131025,0,0
20131025,0,1
20131025,0,2
20131025,0,3
20131025,0,4
20131025,0,5
20131025,0,6
20131025,0,7
20131025,0,8
20131025,0,9
20131025,0,10
20131025,0,11
20131025,0,12
20131025,0,13
20131030,0,0
20131030,0,1
20131030,0,2
20131030,0,3
20131030,0,4
20131030,0,5
20131030,0,6
20131030,0,7
20131030,0,8
20131030,0,9
20131030,0,10
20131030,0,11
20131030,0,12
20131030,0,13
20131101,0,0
20131101,0,1
20131101,0,2
20131101,0,3
20131101,0,4
20131101,0,5
20131101,0,6
20131101,0,7
20131101,0,8
20131101,0,9
20131101,0,10
20131101,0,11
20131101,0,12
20131101,0,13
20131108,0,0
20131108,0,1
20131108,0,2
20131108,0,3
20131108,0,4
20131108,0,5
20131108,0,6
20131108,0,7
20131108,0,8
20131108,0,9
20131108,0,10
20131108,0,11
20131108,0,12
20131108,0,13
20131115,0,0
20131115,0,1
20131115,0,2
20131115,0,3
20131115,0,4
20131115,0,5
20131115,0,6
20131115,0,7
20131115,0,8
20131115,0,9
20131115,0,10
20131115,0,11
20131115,0,12
20131115,0,13
20131122,0,0
20131122,0,1
20131122,0,2
20131122,0,3
20131122,0,4
20131122,0,5
20131122,0,6
20131122,0,7
20131122,0,8
20131122,0,9
20131122,0,10
20131122,0,11
20131122,0,12
20131122,0,13
20131129,0,0
20131129,0,1
20131129,0,2
20131129,0,3
20131129,0,4
20131129,0,5
20131129,0,6
20131129,0,7
20131129,0,8
20131129,0,9
20131129,0,10
20131129,0,11
20131129,0,12
20131129,0,13
20131130,0,0
20131130,0,1
20131130,0,2
20131130,0,3
20131130,0,4
20131130,0,5
20131130,0,6
20131130,0,7
20131130,0,8
20131130,0,9
20131130,0,10
20131130,0,11
20131130,0,12
20131130,0,13
20131202,0,0
20131202,0,1
20131202,0,4
20131202,0,5
20131202,0,6
20131202,0,7
20131202,0,8
20131202,0,9
20131202,0,10
20131202,0,11
20131202,0,12
20131202,0,13
20131202,1,2
20131202,1,3
20131209,0,0
20131209,0,1
20131209,0,4
20131209,0,5
20131209,0,6
20131209,0,7
20131209,0,8
20131209,0,9
20131209,0,10
20131209,0,12
20131209,0,13
20131209,1,2
20131209,1,3
20131209,1,11
20131213,0,0
20131213,0,1
20131213,0,4
20131213,0,5
20131213,0,6
20131213,0,7
20131213,0,8
20131213,0,9
20131213,0,10
20131213,0,12
20131213,0,13
20131213,1,2
20131213,1,3
20131213,1,11
20131220,0,0
20131220,0,1
20131220,0,4
20131220,0,5
20131220,0,6
20131220,0,7
20131220,0,8
20131220,0,9
20131220,0,10
20131220,0,12
20131220,0,13
20131220,1,2
20131220,1,3
20131220,1,11
20131226,0,0
20131226,0,1
20131226,0,2
20131226,0,3
20131226,0,4
20131226,0,5
20131226,0,6
20131226,0,7
20131226,0,8
20131226,0,9
20131226,0,10
20131226,0,12
20131226,0,13
20131226,1,11
20140126,0,0
20140126,0,1
20140126,0,2
20140126,0,3
20140126,0,4
20140126,0,5
20140126,0,6
20140126,0,7
20140126,0,8
20140126,0,9
20140126,0,10
20140126,0,11
20140126,0,12
20140126,0,13
20140129,0,0
20140129,0,1
20140129,0,2
20140129,0,3
20140129,0,4
20140129,0,5
20140129,0,6
20140129,0,7
20140129,0,8
20140129,0,9
20140129,0,10
20140129,0,11
20140129,0,12
20140129,0,13
20140131,0,0
20140131,0,1
20140131,0,2
20140131,0,3
20140131,0,4
20140131,0,5
20140131,0,6
20140131,0,7
20140131,0,8
20140131,0,9
20140131,0,10
20140131,0,11
20140131,0,12
20140131,0,13
20140205,0,0
20140205,0,1
20140205,0,2
20140205,0,3
20140205,0,4
20140205,0,5
20140205,0,6
20140205,0,7
20140205,0,8
20140205,0,9
20140205,0,10
20140205,0,11
20140205,0,12
20140205,0,13
20140209,0,0
20140209,0,1
20140209,0,2
20140209,0,3
20140209,0,4
20140209,0,5
20140209,0,6
20140209,0,7
20140209,0,8
20140209,0,9
20140209,0,10
20140209,0,11
20140209,0,12
20140209,0,13
20140217,0,0
20140217,0,1
20140217,0,2
20140217,0,3
20140217,0,4
20140217,0,5
20140217,0,6
20140217,0,7
20140217,0,8
20140217,0,9
20140217,0,10
20140217,0,11
20140217,0,12
20140217,0,13
20140220,0,0
20140220,0,1
20140220,0,2
20140220,0,3
20140220,0,4
20140220,0,5
20140220,0,6
20140220,0,7
20140220,0,8
20140220,0,9
20140220,0,10
20140220,0,11
20140220,0,12
20140220,0,13
20140227,0,0
20140227,0,1
20140227,0,2
20140227,0,3
20140227,0,4
20140227,0,5
20140227,0,6
20140227,0,7
20140227,0,8
20140227,0,9
20140227,0,10
20140227,0,11
20140227,0,12
20140227,0,13
20140301,0,0
20140301,0,1
20140301,0,2
20140301,0,3
20140301,0,4
20140301,0,5
20140301,0,6
20140301,0,7
20140301,0,8
20140301,0,9
20140301,0,10
20140301,0,11
20140301,0,12
20140301,0,13
20140308,0,0
20140308,0,1
20140308,0,2
20140308,0,3
20140308,0,4
20140308,0,5
20140308,0,6
20140308,0,7
20140308,0,8
20140308,0,9
20140308,0,10
20140308,0,11
20140308,0,12
20140308,0,13
20140312,0,0
20140312,0,1
20140312,0,2
20140312,0,3
20140312,0,4
20140312,0,5
20140312,0,6
20140312,0,7
20140312,0,8
20140312,0,9
20140312,0,10
20140312,0,11
20140312,0,12
20140312,0,13
20140318,0,0
20140318,0,1
20140318,0,2
20140318,0,3
20140318,0,4
20140318,0,5
20140318,0,6
20140318,0,7
20140318,0,8
20140318,0,9
20140318,0,10
20140318,0,11
20140318,0,12
20140318,0,13
20140319,0,0
20140319,0,1
20140319,0,2
20140319,0,3
20140319,0,4
20140319,0,5
20140319,0,6
20140319,0,7
20140319,0,8
20140319,0,9
20140319,0,10
20140319,0,11
20140319,0,12
20140319,0,13
20140320,0,0
20140320,0,1
20140320,0,2
20140320,0,3
20140320,0,4
20140320,0,5
20140320,0,6
20140320,0,7
20140320,0,8
20140320,0,9
20140320,0,12
20140320,0,13
20140320,1,10
20140320,2,11
20140327,0,0
20140327,0,1
20140327,0,2
20140327,0,3
20140327,0,4
20140327,0,5
20140327,0,6
20140327,0,7
20140327,0,8
20140327,0,9
20140327,0,12
20140327,0,13
20140327,1,10
20140327,2,11
20140331,0,0
20140331,0,1
20140331,0,2
20140331,0,3
20140331,0,4
20140331,0,5
20140331,0,6
20140331,0,7
20140331,0,8
20140331,0,9
20140331,0,12
20140331,0,13
20140331,1,10
20140331,2,11
20140405,0,0
20140405,0,1
20140405,0,2
20140405,0,3
20140405,0,4
20140405,0,5
20140405,0,6
20140405,0,7
20140405,0,8
20140405,0,9
20140405,0,12
20140405,0,13
20140405,1,10
20140405,2,11
20140409,0,0
20140409,0,1
20140409,0,2
20140409,0,3
20140409,0,4
20140409,0,5
20140409,0,6
20140409,0,7
20140409,0,8
20140409,0,9
20140409,0,12
20140409,0,13
20140409,1,10
20140409,2,11
20140412,0,0
20140412,0,1
20140412,0,2
20140412,0,3
20140412,0,4
20140412,0,5
20140412,0,6
20140412,0,7
20140412,0,8
20140412,0,9
20140412,0,12
20140412,0,13
20140412,1,10
20140412,2,11
20140414,0,0
20140414,0,1
20140414,0,4
20140414,0,5
20140414,0,6
20140414,0,7
20140414,0,8
20140414,0,9
20140414,0,12
20140414,0,13
20140414,1,2
20140414,1,3
20140414,1,10
20140414,2,11
20140420,0,0
20140420,0,1
20140420,0,4
20140420,0,5
20140420,0,6
20140420,0,7
20140420,0,8
20140420,0,9
20140420,0,12
20140420,0,13
20140420,1,2
20140420,1,3
20140420,1,10
20140420,2,11
20140427,0,0
20140427,0,1
20140427,0,4
20140427,0,5
20140427,0,6
20140427,0,7
20140427,0,8
20140427,0,9
20140427,0,12
20140427,0,13
20140427,1,2
20140427,1,3
20140427,1,10
20140427,2,11
20140430,0,0
20140430,0,1
20140430,0,4
20140430,0,5
20140430,0,6
20140430,0,7
20140430,0,8
20140430,0,9
20140430,0,12
20140430,0,13
20140430,1,2
20140430,1,3
20140430,1,10
20140430,2,11
20140503,0,0
20140503,0,1
20140503,0,4
20140503,0,5
20140503,0,6
20140503,0,7
20140503,0,8
20140503,0,9
20140503,0,12
20140503,0,13
20140503,1,2
20140503,1,3
20140503,1,10
20140503,2,11
20140509,0,0
20140509,0,1
20140509,0,4
20140509,0,5
20140509,0,6
20140509,0,7
20140509,0,8
20140509,0,9
20140509,0,12
20140509,0,13
20140509,1,2
20140509,1,3
20140509,1,10
20140509,2,11
20140513,0,0
20140513,0,1
20140513,0,4
20140513,0,5
20140513,0,6
20140513,0,7
20140513,0,8
20140513,0,9
20140513,0,12
20140513,0,13
20140513,1,2
20140513,1,3
20140513,1,10
20140513,2,11
20140515,0,0
20140515,0,1
20140515,0,4
20140515,0,5
20140515,0,6
20140515,0,7
20140515,0,8
20140515,0,9
20140515,0,12
20140515,0,13
20140515,1,2
20140515,1,3
20140515,1,10
20140515,2,11
20140518,0,0
20140518,0,1
20140518,0,4
20140518,0,5
20140518,0,6
20140518,0,7
20140518,0,8
20140518,0,9
20140518,0,12
20140518,0,13
20140518,1,2
20140518,1,3
20140518,1,10
20140518,2,11
20140520,0,0
20140520,0,1
20140520,0,2
20140520,0,3
20140520,0,4
20140520,0,5
20140520,0,6
20140520,0,7
20140520,0,8
20140520,0,9
20140520,0,10
20140520,0,12
20140520,0,13
20140520,1,11
20140527,0,0
20140527,0,1
20140527,0,2
20140527,0,3
20140527,0,4
20140527,0,5
20140527,0,6
20140527,0,7
20140527,0,8
20140527,0,9
20140527,0,10
20140527,0,11
20140527,0,12
20140527,0,13
20140531,0,0
20140531,0,1
20140531,0,2
20140531,0,3
20140531,0,4
20140531,0,5
20140531,0,6
20140531,0,7
20140531,0,8
20140531,0,9
20140531,0,10
20140531,0,11
20140531,0,12
20140531,0,13
20140607,0,0
20140607,0,1
20140607,0,2
20140607,0,3
20140607,0,4
20140607,0,5
20140607,0,6
20140607,0,7
20140607,0,8
20140607,0,9
20140607,0,10
20140607,0,11
20140607,0,12
20140607,0,13
20140610,0,0
20140610,0,1
20140610,0,2
20140610,0,3
20140610,0,4
20140610,0,5
20140610,0,6
20140610,0,7
20140610,0,8
20140610,0,9
20140610,0,10
20140610,0,11
20140610,0,12
20140610,0,13
20140614,0,0
20140614,0,1
20140614,0,2
20140614,0,3
20140614,0,4
20140614,0,5
20140614,0,6
20140614,0,7
20140614,0,8
20140614,0,9
20140614,0,10
20140614,0,11
20140614,0,12
20140614,0,13
20140619,0,0
20140619,0,1
20140619,0,2
20140619,0,3
20140619,0,4
20140619,0,5
20140619,0,6
20140619,0,7
20140619,0,8
20140619,0,9
20140619,0,10
20140619,0,11
20140619,0,12
20140619,0,13
20140621,0,0
20140621,0,1
20140621,0,2
20140621,0,3
20140621,0,4
20140621,0,5
20140621,0,6
20140621,0,7
20140621,0,8
20140621,0,9
20140621,0,10
20140621,0,11
20140621,0,12
20140621,0,13
20140624,0,0
20140624,0,1
20140624,0,2
20140624,0,3
20140624,0,4
20140624,0,5
20140624,0,6
20140624,0,7
20140624,0,8
20140624,0,9
20140624,0,10
20140624,0,11
20140624,0,12
20140624,0,13
20140630,0,0
20140630,0,1
20140630,0,2
20140630,0,3
20140630,0,4
20140630,0,5
20140630,0,6
20140630,0,7
20140630,0,8
20140630,0,9
20140630,0,10
20140630,0,11
20140630,0,12
20140630,0,13
20140702,0,0
20140702,0,1
20140702,0,2
20140702,0,3
20140702,0,4
20140702,0,5
20140702,0,6
20140702,0,7
20140702,0,8
20140702,0,9
20140702,0,10
20140702,0,11
20140702,0,12
20140702,0,13
20140709,0,0
20140709,0,1
20140709,0,2
20140709,0,3
20140709,0,4
20140709,0,5
20140709,0,6
20140709,0,7
20140709,0,8
20140709,0,9
20140709,0,10
20140709,0,11
20140709,0,12
20140709,0,13
20140716,0,0
20140716,0,1
20140716,0,2
20140716,0,3
20140716,0,4
20140716,0,5
20140716,0,6
20140716,0,7
20140716,0,8
20140716,0,9
20140716,0,10
20140716,0,11
20140716,0,12
20140716,0,13
20140719,0,0
20140719,0,1
20140719,0,2
20140719,0,3
20140719,0,4
20140719,0,5
20140719,0,6
20140719,0,7
20140719,0,8
20140719,0,9
20140719,0,10
20140719,0,11
20140719,0,12
20140719,0,13
20140725,0,0
20140725,0,1
20140725,0,2
20140725,0,3
20140725,0,4
20140725,0,5
20140725,0,6
20140725,0,7
20140725,0,8
20140725,0,9
20140725,0,10
20140725,0,11
20140725,0,12
20140725,0,13
20140729,0,0
20140729,0,1
20140729,0,2
20140729,0,3
20140729,0,4
20140729,0,5
20140729,0,6
20140729,0,7
20140729,0,8
20140729,0,9
20140729,0,10
20140729,0,11
20140729,0,12
20140729,0,13
20140801,0,0
20140801,0,1
20140801,0,2
20140801,0,3
20140801,0,4
20140801,0,5
20140801,0,6
20140801,0,7
20140801,0,8
20140801,0,9
20140801,0,10
20140801,0,11
20140801,0,12
20140801,0,13
20140806,0,0
20140806,0,1
20140806,0,2
20140806,0,3
20140806,0,4
20140806,0,5
20140806,0,6
20140806,0,7
20140806,0,8
20140806,0,9
20140806,0,10
20140806,0,11
20140806,0,12
20140806,0,13
20140811,0,0
20140811,0,1
20140811,0,2
20140811,0,3
20140811,0,4
20140811,0,5
20140811,0,6
20140811,0,7
20140811,0,8
20140811,0,9
20140811,0,10
20140811,0,11
20140811,0,12
20140811,0,13
20140817,0,0
20140817,0,1
20140817,0,2
20140817,0,3
20140817,0,4
20140817,0,5
20140817,0,6
20140817,0,7
20140817,0,8
20140817,0,9
20140817,0,10
20140817,0,11
20140817,0,12
20140817,0,13
20140821,0,0
20140821,0,1
20140821,0,2
20140821,0,3
20140821,0,4
20140821,0,5
20140821,0,6
20140821,0,7
20140821,0,8
20140821,0,9
20140821,0,10
20140821,0,11
20140821,0,12
20140821,0,13
20140825,0,0
20140825,0,1
20140825,0,2
20140825,0,3
20140825,0,4
20140825,0,5
20140825,0,6
20140825,0,7
20140825,0,8
20140825,0,9
20140825,0,10
20140825,0,11
20140825,0,12
20140825,0,13
20140828,0,0
20140828,0,1
20140828,0,2
20140828,0,3
20140828,0,4
20140828,0,5
20140828,0,6
20140828,0,7
20140828,0,8
20140828,0,9
20140828,0,10
20140828,0,11
20140828,0,12
20140828,0,13
20140831,0,0
20140831,0,1
20140831,0,2
20140831,0,3
20140831,0,4
20140831,0,5
20140831,0,6
20140831,0,7
20140831,0,8
20140831,0,9
20140831,0,10
20140831,0,11
20140831,0,12
20140831,0,13
20140901,0,0
20140901,0,1
20140901,0,2
20140901,0,3
20140901,0,4
20140901,0,5
20140901,0,6
20140901,0,7
20140901,0,8
20140901,0,9
20140901,0,10
20140901,0,11
20140901,0,12
20140901,0,13
20140904,0,0
20140904,0,1
20140904,0,2
20140904,0,3
20140904,0,4
20140904,0,5
20140904,0,6
20140904,0,7
20140904,0,8
20140904,0,9
20140904,0,10
20140904,0,11
20140904,0,12
20140904,0,13
20140907,0,0
20140907,0,1
20140907,0,2
20140907,0,3
20140907,0,4
20140907,0,5
20140907,0,6
20140907,0,7
20140907,0,8
20140907,0,9
20140907,0,10
20140907,0,11
20140907,0,12
20140907,0,13
20140909,0,0
20140909,0,1
20140909,0,2
20140909,0,3
20140909,0,4
20140909,0,5
20140909,0,6
20140909,0,7
20140909,0,8
20140909,0,9
20140909,0,10
20140909,0,11
20140909,0,12
20140909,0,13
20140910,0,1
20140910,0,2
20140910,0,3
20140910,0,4
20140910,0,5
20140910,0,6
20140910,0,7
20140910,0,8
20140910,0,9
20140910,0,10
20140910,0,11
20140910,0,12
20140910,0,13
20140910,1,0
20140914,0,1
20140914,0,2
20140914,0,3
20140914,0,4
20140914,0,5
20140914,0,6
20140914,0,7
20140914,0,8
20140914,0,9
20140914,0,10
20140914,0,11
20140914,0,12
20140914,0,13
20140914,1,0
20140920,0,1
20140920,0,2
20140920,0,3
20140920,0,4
20140920,0,5
20140920,0,6
20140920,0,7
20140920,0,8
20140920,0,9
20140920,0,10
20140920,0,11
20140920,0,12
20140920,0,13
20140920,1,0
20140924,0,1
20140924,0,2
20140924,0,3
20140924,0,4
20140924,0,5
20140924,0,6
20140924,0,7
20140924,0,8
20140924,0,9
20140924,0,10
20140924,0,11
20140924,0,12
20140924,0,13
20140924,1,0
20140929,0,1
20140929,0,2
20140929,0,3
20140929,0,4
20140929,0,5
20140929,0,6
20140929,0,7
20140929,0,8
20140929,0,9
20140929,0,10
20140929,0,11
20140929,0,12
20140929,0,13
20140929,1,0
20141004,0,1
20141004,0,2
20141004,0,3
20141004,0,4
20141004,0,5
20141004,0,6
20141004,0,7
20141004,0,8
20141004,0,9
20141004,0,10
20141004,0,11
20141004,0,12
20141004,0,13
20141004,1,0
20141008,0,1
20141008,0,2
20141008,0,3
20141008,0,4
20141008,0,5
20141008,0,6
20141008,0,7
20141008,0,8
20141008,0,9
20141008,0,10
20141008,0,12
20141008,0,13
20141008,1,0
20141008,1,11
20141014,0,0
20141014,0,1
20141014,0,2
20141014,0,3
20141014,0,4
20141014,0,5
20141014,0,6
20141014,0,7
20141014,0,8
20141014,0,9
20141014,0,10
20141014,0,12
20141014,0,13
20141014,1,11
20141020,0,0
20141020,0,1
20141020,0,2
20141020,0,3
20141020,0,4
20141020,0,5
20141020,0,6
20141020,0,7
20141020,0,8
20141020,0,9
20141020,0,10
20141020,0,12
20141020,0,13
20141020,1,11
20141024,0,0
20141024,0,1
20141024,0,2
20141024,0,3
20141024,0,4
20141024,0,5
20141024,0,6
20141024,0,7
20141024,0,8
20141024,0,9
20141024,0,10
20141024,0,12
20141024,0,13
20141024,1,11
20141029,0,0
20141029,0,1
20141029,0,2
20141029,0,3
20141029,0,4
20141029,0,5
20141029,0,6
20141029,0,7
20141029,0,8
20141029,0,9
20141029,0,10
20141029,0,12
20141029,0,13
20141029,1,11
20141101,0,0
20141101,0,1
20141101,0,2
20141101,0,3
20141101,0,4
20141101,0,5
20141101,0,6
20141101,0,7
20141101,0,8
20141101,0,9
20141101,0,10
20141101,0,12
20141101,0,13
20141101,1,11
20141102,0,0
20141102,0,1
20141102,0,2
20141102,0,3
20141102,0,4
20141102,0,5
20141102,0,6
20141102,0,7
20141102,0,8
20141102,0,9
20141102,0,10
20141102,0,12
20141102,0,13
20141102,1,11
20141104,0,0
20141104,0,1
20141104,0,7
20141104,0,8
20141104,0,9
20141104,0,10
20141104,0,13
20141104,1,2
20141104,1,3
20141104,1,4
20141104,1,5
20141104,1,6
20141104,1,11
20141104,1,12
20141109,0,0
20141109,0,1
20141109,0,7
20141109,0,8
20141109,0,9
20141109,0,10
20141109,0,13
20141109,1,2
20141109,1,3
20141109,1,4
20141109,1,5
20141109,1,6
20141109,1,11
20141109,1,12
20141113,0,0
20141113,0,1
20141113,0,7
20141113,0,8
20141113,0,9
20141113,0,10
20141113,0,13
20141113,1,2
20141113,1,3
20141113,1,4
20141113,1,5
20141113,1,6
20141113,1,11
20141113,1,12
20141119,0,0
20141119,0,1
20141119,0,7
20141119,0,8
20141119,0,9
20141119,0,10
20141119,0,13
20141119,1,2
20141119,1,3
20141119,1,4
20141119,1,5
20141119,1,6
20141119,1,11
20141119,1,12
20141124,0,0
20141124,0,1
20141124,0,7
20141124,0,8
20141124,0,9
20141124,0,10
20141124,0,13
20141124,1,2
20141124,1,3
20141124,1,4
20141124,1,5
20141124,1,6
20141124,1,11
20141124,1,12
20141127,0,0
20141127,0,1
20141127,0,7
20141127,0,8
20141127,0,9
20141127,0,10
20141127,0,13
20141127,1,2
20141127,2,3
20141127,1,4
20141127,1,5
20141127,1,6
20141127,1,11
20141127,1,12
20141201,0,0
20141201,0,1
20141201,0,13
20141201,1,2
20141201,2,3
20141201,2,4
20141201,2,5
20141201,2,6
20141201,2,11
20141201,1,12
20141201,1,8
20141201,1,7
20141201,1,9
20141201,1,10
20141208,2,2
20141208,2,3
20141208,2,4
20141208,2,5
20141208,2,6
20141208,1,8
20141208,1,7
20141208,1,9
20141208,1,10
20141208,2,11
20141208,2,12
20141208,0,0
20141208,0,1
20141208,0,13
20141213,2,2
20141213,2,3
20141213,2,4
20141213,2,5
20141213,2,6
20141213,1,8
20141213,1,7
20141213,1,9
20141213,1,10
20141213,2,11
20141213,2,12
20141213,0,0
20141213,0,1
20141213,0,13
20141220,2,2
20141220,2,3
20141220,2,4
20141220,2,5
20141220,2,6
20141220,1,8
20141220,1,7
20141220,1,9
20141220,1,10
20141220,2,11
20141220,2,12
20141220,0,0
20141220,0,1
20141220,0,13
20141224,2,2
20141224,2,3
20141224,2,4
20141224,2,5
20141224,2,6
20141224,1,8
20141224,1,7
20141224,1,9
20141224,1,10
20141224,2,11
20141224,2,12
20141224,0,0
20141224,0,1
20141224,0,13
20141229,2,2
20141229,2,3
20141229,2,4
20141229,2,5
20141229,2,6
20141229,1,8
20141229,1,7
20141229,1,9
20141229,1,10
20141229,2,11
20141229,2,12
20141229,0,0
20141229,0,1
20141229,0,13
20150102,2,2
20150102,2,3
20150102,2,4
20150102,2,5
20150102,2,6
20150102,1,8
20150102,1,7
20150102,1,9
20150102,1,10
20150102,2,11
20150102,2,12
20150102,0,0
20150102,0,1
20150102,0,13
20150105,2,2
20150105,2,3
20150105,2,4
20150105,2,5
20150105,2,6
20150105,1,8
20150105,1,7
20150105,1,9
20150105,1,10
20150105,2,11
20150105,2,12
20150105,0,0
20150105,0,1
20150105,0,13
20150109,2,2
20150109,2,3
20150109,2,4
20150109,2,5
20150109,2,6
20150109,1,8
20150109,1,7
20150109,1,9
20150109,1,10
20150109,2,11
20150109,2,12
20150109,0,0
20150109,0,1
20150109,0,13
20150114,0,0
20150114,0,1
20150114,0,13
20150114,2,2
20150114,2,3
20150114,2,4
20150114,2,5
20150114,2,6
20150114,1,8
20150114,1,7
20150114,1,9
20150114,1,10
20150114,2,11
20150114,2,12
20150120,0,0
20150120,0,1
20150120,0,13
20150120,2,2
20150120,2,3
20150120,2,4
20150120,2,5
20150120,2,6
20150120,1,8
20150120,1,7
20150120,1,9
20150120,1,10
20150120,2,11
20150120,2,12
20150125,0,0
20150125,0,1
20150125,0,13
20150125,2,2
20150125,2,3
20150125,2,4
20150125,2,5
20150125,2,6
20150125,1,8
20150125,1,7
20150125,1,9
20150125,1,10
20150125,2,11
20150125,2,12
20150131,0,0
20150131,0,1
20150131,0,13
20150131,2,2
20150131,2,3
20150131,2,4
20150131,2,5
20150131,2,6
20150131,1,8
20150131,1,7
20150131,1,9
20150131,1,10
20150131,2,11
20150131,2,12
20150204,0,0
20150204,0,1
20150204,0,13
20150204,2,2
20150204,2,3
20150204,2,4
20150204,2,5
20150204,2,6
20150204,1,8
20150204,1,7
20150204,1,9
20150204,1,10
20150204,2,11
20150204,2,12
20150210,0,0
20150210,0,1
20150210,0,13
20150210,2,2
20150210,2,3
20150210,2,4
20150210,2,5
20150210,2,6
20150210,1,8
20150210,1,7
20150210,1,9
20150210,1,10
20150210,2,11
20150210,2,12
20150215,0,0
20150215,0,1
20150215,0,13
20150215,2,2
20150215,2,3
20150215,2,4
20150215,2,5
20150215,2,6
20150215,1,8
20150215,1,7
20150215,1,9
20150215,1,10
20150215,2,11
20150215,2,12
20150219,0,0
20150219,0,1
20150219,0,13
20150219,2,2
20150219,2,3
20150219,2,4
20150219,2,5
20150219,2,6
20150219,1,8
20150219,1,7
20150219,1,9
20150219,1,10
20150219,2,11
20150219,2,12
20150223,0,0
20150223,0,1
20150223,0,13
20150223,2,2
20150223,2,3
20150223,2,4
20150223,2,5
20150223,2,6
20150223,1,8
20150223,1,7
20150223,1,9
20150223,1,10
20150223,2,11
20150223,2,12
20150226,0,0
20150226,0,1
20150226,0,13
20150226,3,2
20150226,3,3
20150226,3,4
20150226,3,5
20150226,3,6
20150226,1,8
20150226,2,7
20150226,2,9
20150226,2,10
20150226,3,11
20150226,3,12
20150228,0,0
20150228,0,1
20150228,0,13
20150228,3,2
20150228,3,3
20150228,3,4
20150228,3,5
20150228,3,6
20150228,1,8
20150228,2,7
20150228,2,9
20150228,2,10
20150228,3,11
20150228,3,12
20150306,0,0
20150306,0,1
20150306,0,13
20150306,3,2
20150306,3,3
20150306,3,4
20150306,3,5
20150306,3,6
20150306,1,8
20150306,2,7
20150306,2,9
20150306,2,10
20150306,3,11
20150306,3,12
20150310,0,0
20150310,0,1
20150310,0,13
20150310,3,2
20150310,3,3
20150310,3,4
20150310,3,5
20150310,3,6
20150310,1,8
20150310,2,7
20150310,2,9
20150310,2,10
20150310,3,11
20150310,3,12
20150314,0,0
20150314,0,1
20150314,0,13
20150314,3,2
20150314,3,3
20150314,3,4
20150314,3,5
20150314,3,6
20150314,1,8
20150314,2,7
20150314,2,9
20150314,2,10
20150314,3,11
20150314,3,12
20150319,0,0
20150319,0,1
20150319,0,13
20150319,3,2
20150319,3,3
20150319,3,4
20150319,3,5
20150319,3,6
20150319,1,8
20150319,2,7
20150319,2,9
20150319,2,10
20150319,3,11
20150319,3,12
20150323,0,0
20150323,0,1
20150323,0,13
20150323,3,2
20150323,3,3
20150323,3,4
20150323,3,5
20150323,3,6
20150323,1,8
20150323,2,7
20150323,2,9
20150323,2,10
20150323,3,11
20150323,3,12
20150328,0,0
20150328,0,1
20150328,0,13
20150328,3,2
20150328,3,3
20150328,3,4
20150328,3,5
20150328,3,6
20150328,1,8
20150328,2,7
20150328,2,9
20150328,2,10
20150328,3,11
20150328,3,12
20150402,0,0
20150402,0,1
20150402,0,13
20150402,3,2
20150402,3,3
20150402,3,4
20150402,3,5
20150402,3,6
20150402,1,8
20150402,2,7
20150402,2,9
20150402,2,10
20150402,3,11
20150402,3,12
20150408,0,0
20150408,0,1
20150408,0,13
20150408,4,2
20150408,4,3
20150408,3,4
20150408,3,5
20150408,3,6
20150408,1,8
20150408,2,7
20150408,2,9
20150408,2,10
20150408,3,11
20150408,3,12
20150412,0,0
20150412,0,1
20150412,0,13
20150412,4,2
20150412,4,3
20150412,3,4
20150412,3,5
20150412,3,6
20150412,1,8
20150412,2,7
20150412,2,9
20150412,2,10
20150412,3,11
20150412,3,12
20150417,0,0
20150417,0,1
20150417,0,13
20150417,4,2
20150417,4,3
20150417,3,4
20150417,3,5
20150417,3,6
20150417,1,8
20150417,2,7
20150417,2,9
20150417,2,10
20150417,3,11
20150417,3,12
20150422,0,0
20150422,0,1
20150422,0,13
20150422,4,2
20150422,4,3
20150422,3,4
20150422,3,5
20150422,3,6
20150422,1,8
20150422,2,7
20150422,2,9
20150422,2,10
20150422,3,11
20150422,3,12
20150428,0,0
20150428,0,1
20150428,0,13
20150428,4,2
20150428,4,3
20150428,3,4
20150428,3,5
20150428,3,6
20150428,1,8
20150428,2,7
20150428,2,9
20150428,2,10
20150428,3,11
20150428,3,12
20150501,0,0
20150501,0,1
20150501,0,13
20150501,4,2
20150501,4,3
20150501,3,4
20150501,3,5
20150501,3,6
20150501,1,8
20150501,2,7
20150501,2,9
20150501,2,10
20150501,3,11
20150501,3,12
20150504,0,0
20150504,0,1
20150504,0,13
20150504,4,2
20150504,4,3
20150504,3,4
20150504,3,5
20150504,3,6
20150504,1,8
20150504,2,7
20150504,2,9
20150504,2,10
20150504,3,11
20150504,4,12
20150508,0,0
20150508,0,1
20150508,0,13
20150508,4,2
20150508,4,3
20150508,3,4
20150508,3,5
20150508,3,6
20150508,1,8
20150508,2,7
20150508,2,9
20150508,2,10
20150508,3,11
20150508,4,12
20150512,0,0
20150512,0,1
20150512,0,13
20150512,3,2
20150512,3,3
20150512,3,4
20150512,3,5
20150512,3,6
20150512,1,8
20150512,2,7
20150512,2,10
20150512,2,9
20150512,3,11
20150512,4,12
20150515,0,0
20150515,0,1
20150515,0,13
20150515,3,2
20150515,3,3
20150515,3,4
20150515,3,5
20150515,3,6
20150515,1,8
20150515,2,7
20150515,2,10
20150515,2,9
20150515,3,11
20150515,4,12
20150520,0,0
20150520,0,1
20150520,0,13
20150520,3,2
20150520,3,3
20150520,3,4
20150520,3,5
20150520,3,6
20150520,1,8
20150520,2,7
20150520,2,10
20150520,2,9
20150520,3,11
20150520,4,12
20150522,0,0
20150522,0,1
20150522,0,13
20150522,2,2
20150522,2,3
20150522,1,4
20150522,2,5
20150522,2,6
20150522,1,8
20150522,1,7
20150522,1,9
20150522,2,10
20150522,3,11
20150522,4,12
20150525,0,0
20150525,0,1
20150525,0,13
20150525,2,2
20150525,2,3
20150525,1,4
20150525,2,5
20150525,2,6
20150525,1,8
20150525,1,7
20150525,1,9
20150525,2,10
20150525,2,11
20150525,1,12
20150529,0,0
20150529,0,1
20150529,0,13
20150529,2,2
20150529,2,3
20150529,1,4
20150529,2,5
20150529,2,6
20150529,1,8
20150529,1,7
20150529,1,9
20150529,2,10
20150529,2,11
20150529,1,12
20150603,0,0
20150603,0,1
20150603,0,13
20150603,2,2
20150603,2,3
20150603,1,4
20150603,2,5
20150603,2,6
20150603,1,8
20150603,1,7
20150603,1,9
20150603,2,10
20150603,2,11
20150603,1,12
20150608,0,0
20150608,0,1
20150608,0,4
20150608,0,5
20150608,0,6
20150608,0,7
20150608,0,8
20150608,0,9
20150608,0,10
20150608,0,11
20150608,0,12
20150608,0,13
20150608,1,2
20150608,1,3
20150630,0,0
20150630,0,1
20150630,0,2
20150630,0,3
20150630,0,4
20150630,0,5
20150630,0,6
20150630,0,7
20150630,0,8
20150630,0,9
20150630,0,10
20150630,0,11
20150630,0,12
20150630,0,13
20150705,0,0
20150705,0,1
20150705,0,2
20150705,0,3
20150705,0,4
20150705,0,5
20150705,0,6
20150705,0,7
20150705,0,8
20150705,0,9
20150705,0,10
20150705,0,11
20150705,0,12
20150705,0,13
20150711,0,0
20150711,0,1
20150711,0,2
20150711,0,3
20150711,0,4
20150711,0,5
20150711,0,6
20150711,0,7
20150711,0,8
20150711,0,9
20150711,0,10
20150711,0,11
20150711,0,12
20150711,0,13
20150719,0,0
20150719,0,1
20150719,0,2
20150719,0,3
20150719,0,4
20150719,0,5
20150719,0,6
20150719,0,7
20150719,0,8
20150719,0,9
20150719,0,10
20150719,0,11
20150719,0,12
20150719,0,13
20150724,0,0
20150724,0,1
20150724,0,2
20150724,0,3
20150724,0,4
20150724,0,5
20150724,0,6
20150724,0,7
20150724,0,8
20150724,0,9
20150724,0,10
20150724,0,11
20150724,0,12
20150724,0,13
20150730,0,0
20150730,0,1
20150730,0,2
20150730,0,3
20150730,0,4
20150730,0,5
20150730,0,6
20150730,0,7
20150730,0,8
20150730,0,9
20150730,0,10
20150730,0,11
20150730,0,12
20150730,0,13
20150802,0,0
20150802,0,1
20150802,0,2
20150802,0,3
20150802,0,4
20150802,0,5
20150802,0,6
20150802,0,7
20150802,0,8
20150802,0,9
20150802,0,10
20150802,0,11
20150802,0,12
20150802,0,13
20150806,0,0
20150806,0,1
20150806,0,2
20150806,0,3
20150806,0,4
20150806,0,5
20150806,0,6
20150806,0,7
20150806,0,8
20150806,0,9
20150806,0,10
20150806,0,11
20150806,0,12
20150806,0,13
20150813,0,0
20150813,0,1
20150813,0,2
20150813,0,3
20150813,0,4
20150813,0,5
20150813,0,6
20150813,0,7
20150813,0,8
20150813,0,9
20150813,0,10
20150813,0,11
20150813,0,12
20150813,0,13
20150817,0,0
20150817,0,1
20150817,0,2
20150817,0,3
20150817,0,4
20150817,0,5
20150817,0,6
20150817,0,7
20150817,0,8
20150817,0,9
20150817,0,10
20150817,0,11
20150817,0,12
20150817,0,13
20150821,0,0
20150821,0,1
20150821,0,2
20150821,0,3
20150821,0,4
20150821,0,5
20150821,0,6
20150821,0,7
20150821,0,8
20150821,0,9
20150821,0,10
20150821,0,11
20150821,0,12
20150821,0,13
20150826,0,0
20150826,0,1
20150826,0,2
20150826,0,3
20150826,0,4
20150826,0,5
20150826,0,6
20150826,0,7
20150826,0,8
20150826,0,9
20150826,0,10
20150826,0,11
20150826,0,12
20150826,0,13
20150830,0,0
20150830,0,1
20150830,0,2
20150830,0,3
20150830,0,4
20150830,0,5
20150830,0,6
20150830,0,7
20150830,0,8
20150830,0,9
20150830,0,10
20150830,0,11
20150830,0,12
20150830,0,13
20150903,0,0
20150903,0,1
20150903,0,2
20150903,0,3
20150903,0,4
20150903,0,5
20150903,0,6
20150903,0,7
20150903,0,8
20150903,0,9
20150903,0,10
20150903,0,11
20150903,0,12
20150903,0,13
20150907,0,0
20150907,0,1
20150907,0,2
20150907,0,3
20150907,0,4
20150907,0,5
20150907,0,6
20150907,0,7
20150907,0,8
20150907,0,9
20150907,0,10
20150907,0,11
20150907,0,12
20150907,0,13
20150911,0,0
20150911,0,1
20150911,0,2
20150911,0,3
20150911,0,4
20150911,0,5
20150911,0,6
20150911,0,7
20150911,0,8
20150911,0,9
20150911,0,10
20150911,0,11
20150911,0,12
20150911,0,13
20150915,0,0
20150915,0,1
20150915,0,2
20150915,0,3
20150915,0,4
20150915,0,5
20150915,0,6
20150915,0,7
20150915,0,8
20150915,0,9
20150915,0,10
20150915,0,11
20150915,0,12
20150915,0,13
20150920,0,0
20150920,0,1
20150920,0,2
20150920,0,3
20150920,0,4
20150920,0,5
20150920,0,6
20150920,0,7
20150920,0,8
20150920,0,9
20150920,0,10
20150920,0,11
20150920,0,12
20150920,0,13
20150923,0,0
20150923,0,1
20150923,0,2
20150923,0,3
20150923,0,4
20150923,0,5
20150923,0,6
20150923,0,7
20150923,0,8
20150923,0,9
20150923,0,10
20150923,0,11
20150923,0,12
20150923,0,13
20150927,0,0
20150927,0,1
20150927,0,2
20150927,0,3
20150927,0,4
20150927,0,5
20150927,0,6
20150927,0,7
20150927,0,8
20150927,0,9
20150927,0,10
20150927,0,11
20150927,0,12
20150927,0,13
20150930,0,0
20150930,0,1
20150930,0,2
20150930,0,3
20150930,0,4
20150930,0,5
20150930,0,6
20150930,0,7
20150930,0,8
20150930,0,9
20150930,0,10
20150930,0,11
20150930,0,12
20150930,0,13
20151004,0,0
20151004,0,1
20151004,0,2
20151004,0,3
20151004,0,4
20151004,0,5
20151004,0,6
20151004,0,7
20151004,0,8
20151004,0,9
20151004,0,10
20151004,0,11
20151004,0,12
20151004,0,13
20151008,0,0
20151008,0,1
20151008,0,2
20151008,0,3
20151008,0,4
20151008,0,5
20151008,0,6
20151008,0,7
20151008,0,8
20151008,0,9
20151008,0,10
20151008,0,11
20151008,0,12
20151008,0,13
20151013,0,0
20151013,0,1
20151013,0,2
20151013,0,3
20151013,0,4
20151013,0,5
20151013,0,6
20151013,0,7
20151013,0,8
20151013,0,9
20151013,0,10
20151013,0,11
20151013,0,12
20151013,0,13
20151017,0,0
20151017,0,1
20151017,0,2
20151017,0,3
20151017,0,4
20151017,0,5
20151017,0,6
20151017,0,7
20151017,0,8
20151017,0,9
20151017,0,10
20151017,0,11
20151017,0,12
20151017,0,13
20151023,0,0
20151023,0,1
20151023,0,2
20151023,0,3
20151023,0,4
20151023,0,5
20151023,0,6
20151023,0,7
20151023,0,8
20151023,0,9
20151023,0,10
20151023,0,11
20151023,0,12
20151023,0,13
20151029,0,0
20151029,0,1
20151029,0,2
20151029,0,3
20151029,0,4
20151029,0,5
20151029,0,6
20151029,0,7
20151029,0,8
20151029,0,9
20151029,0,10
20151029,0,11
20151029,0,12
20151029,0,13
20151109,0,0
20151109,0,1
20151109,0,2
20151109,0,3
20151109,0,4
20151109,0,5
20151109,0,6
20151109,0,7
20151109,0,8
20151109,0,9
20151109,0,10
20151109,0,11
20151109,0,12
20151109,0,13
20151112,0,0
20151112,0,1
20151112,0,2
20151112,0,3
20151112,0,4
20151112,0,5
20151112,0,6
20151112,0,7
20151112,0,8
20151112,0,9
20151112,0,10
20151112,0,11
20151112,0,12
20151112,0,13
20151119,0,0
20151119,0,1
20151119,0,2
20151119,0,3
20151119,0,4
20151119,0,5
20151119,0,6
20151119,0,7
20151119,0,8
20151119,0,9
20151119,0,10
20151119,0,11
20151119,0,12
20151119,0,13
20151124,0,0
20151124,0,1
20151124,0,2
20151124,0,3
20151124,0,4
20151124,0,5
20151124,0,6
20151124,0,7
20151124,0,8
20151124,0,9
20151124,0,10
20151124,0,11
20151124,0,12
20151124,0,13
20151128,0,0
20151128,0,1
20151128,0,2
20151128,0,3
20151128,0,4
20151128,0,5
20151128,0,6
20151128,0,7
20151128,0,8
20151128,0,9
20151128,0,10
20151128,0,11
20151128,0,12
20151128,0,13
20151203,0,0
20151203,0,1
20151203,0,2
20151203,0,3
20151203,0,4
20151203,0,5
20151203,0,6
20151203,0,7
20151203,0,8
20151203,0,9
20151203,0,10
20151203,0,11
20151203,0,12
20151203,0,13
20151207,0,0
20151207,0,1
20151207,0,4
20151207,0,5
20151207,0,6
20151207,0,7
20151207,0,8
20151207,0,9
20151207,0,10
20151207,0,11
20151207,0,12
20151207,0,13
20151207,1,2
20151207,1,3
20151211,0,0
20151211,0,1
20151211,0,4
20151211,0,5
20151211,0,6
20151211,0,7
20151211,0,8
20151211,0,9
20151211,0,10
20151211,0,11
20151211,0,12
20151211,0,13
20151211,1,2
20151211,1,3
20151217,0,0
20151217,0,1
20151217,0,4
20151217,0,5
20151217,0,6
20151217,0,7
20151217,0,8
20151217,0,9
20151217,0,10
20151217,0,11
20151217,0,12
20151217,0,13
20151217,1,2
20151217,1,3
20151221,0,0
20151221,0,1
20151221,0,4
20151221,0,5
20151221,0,6
20151221,0,7
20151221,0,8
20151221,0,9
20151221,0,10
20151221,0,11
20151221,0,12
20151221,0,13
20151221,1,2
20151221,1,3
20151224,1,3
20151224,1,2
20151224,0,0
20151224,0,1
20151224,0,4
20151224,0,5
20151224,0,6
20151224,0,7
20151224,0,8
20151224,0,9
20151224,0,10
20151224,0,11
20151224,0,12
20151224,0,13
20160124,0,0
20160124,0,1
20160124,0,2
20160124,0,3
20160124,0,4
20160124,0,5
20160124,0,6
20160124,0,7
20160124,0,8
20160124,0,9
20160124,0,10
20160124,0,11
20160124,0,12
20160124,0,13
20160129,0,0
20160129,0,1
20160129,0,2
20160129,0,3
20160129,0,4
20160129,0,5
20160129,0,6
20160129,0,7
20160129,0,8
20160129,0,9
20160129,0,10
20160129,0,11
20160129,0,12
20160129,0,13
20160204,0,0
20160204,0,1
20160204,0,2
20160204,0,3
20160204,0,4
20160204,0,5
20160204,0,6
20160204,0,7
20160204,0,8
20160204,0,9
20160204,0,10
20160204,0,11
20160204,0,12
20160204,0,13
20160211,0,0
20160211,0,1
20160211,0,2
20160211,0,3
20160211,0,4
20160211,0,5
20160211,0,6
20160211,0,7
20160211,0,8
20160211,0,9
20160211,0,10
20160211,0,11
20160211,0,12
20160211,0,13
20160217,0,0
20160217,0,1
20160217,0,2
20160217,0,3
20160217,0,4
20160217,0,5
20160217,0,6
20160217,0,7
20160217,0,8
20160217,0,9
20160217,0,10
20160217,0,11
20160217,0,12
20160217,0,13
20160222,0,0
20160222,0,1
20160222,0,2
20160222,0,3
20160222,0,4
20160222,0,5
20160222,0,6
20160222,0,7
20160222,0,8
20160222,0,9
20160222,0,10
20160222,0,11
20160222,0,12
20160222,0,13
20160227,0,0
20160227,0,1
20160227,0,2
20160227,0,3
20160227,0,4
20160227,0,5
20160227,0,6
20160227,0,7
20160227,0,8
20160227,0,9
20160227,0,10
20160227,0,11
20160227,0,12
20160227,0,13
20160303,0,0
20160303,0,1
20160303,0,2
20160303,0,3
20160303,0,4
20160303,0,5
20160303,0,6
20160303,0,7
20160303,0,8
20160303,0,9
20160303,0,10
20160303,0,11
20160303,0,12
20160303,0,13
20160310,0,0
20160310,0,1
20160310,0,2
20160310,0,3
20160310,0,4
20160310,0,5
20160310,0,6
20160310,0,7
20160310,0,8
20160310,0,9
20160310,0,10
20160310,0,11
20160310,0,12
20160310,0,13
20160315,0,0
20160315,0,1
20160315,0,2
20160315,0,3
20160315,0,4
20160315,0,5
20160315,0,6
20160315,0,7
20160315,0,8
20160315,0,9
20160315,0,10
20160315,0,11
20160315,0,12
20160315,0,13
20160319,0,0
20160319,0,1
20160319,0,2
20160319,0,3
20160319,0,4
20160319,0,5
20160319,0,6
20160319,0,7
20160319,0,8
20160319,0,9
20160319,0,10
20160319,0,11
20160319,0,12
20160319,0,13
20160326,0,0
20160326,0,1
20160326,0,2
20160326,0,3
20160326,0,4
20160326,0,5
20160326,0,6
20160326,0,7
20160326,0,8
20160326,0,9
20160326,0,10
20160326,0,11
20160326,0,12
20160326,0,13
20160331,0,0
20160331,0,1
20160331,0,2
20160331,0,3
20160331,0,4
20160331,0,5
20160331,0,6
20160331,0,7
20160331,0,8
20160331,0,9
20160331,0,10
20160331,0,11
20160331,0,12
20160331,0,13
20160407,0,0
20160407,0,1
20160407,0,2
20160407,0,3
20160407,0,4
20160407,0,5
20160407,0,6
20160407,0,7
20160407,0,8
20160407,0,9
20160407,0,10
20160407,0,11
20160407,0,12
20160407,0,13
20160412,0,0
20160412,0,1
20160412,0,2
20160412,0,3
20160412,0,4
20160412,0,5
20160412,0,6
20160412,0,7
20160412,0,8
20160412,0,9
20160412,0,10
20160412,0,11
20160412,0,12
20160412,0,13
20160417,0,0
20160417,0,1
20160417,0,2
20160417,0,3
20160417,0,4
20160417,0,5
20160417,0,6
20160417,0,7
20160417,0,8
20160417,0,9
20160417,0,10
20160417,0,11
20160417,0,12
20160417,0,13
20160422,0,0
20160422,0,1
20160422,0,2
20160422,0,3
20160422,0,4
20160422,0,5
20160422,0,6
20160422,0,7
20160422,0,8
20160422,0,9
20160422,0,10
20160422,0,11
20160422,0,12
20160422,0,13
20160427,0,0
20160427,0,1
20160427,0,2
20160427,0,3
20160427,0,4
20160427,0,5
20160427,0,6
20160427,0,7
20160427,0,8
20160427,0,9
20160427,0,10
20160427,0,11
20160427,0,12
20160427,0,13
20160430,0,0
20160430,0,1
20160430,0,2
20160430,0,3
20160430,0,4
20160430,0,5
20160430,0,6
20160430,0,7
20160430,0,8
20160430,0,9
20160430,0,10
20160430,0,11
20160430,0,12
20160430,0,13
20160505,0,0
20160505,0,1
20160505,0,2
20160505,0,3
20160505,0,4
20160505,0,5
20160505,0,6
20160505,0,7
20160505,0,8
20160505,0,9
20160505,0,10
20160505,0,11
20160505,0,12
20160505,0,13
20160510,0,0
20160510,0,1
20160510,0,2
20160510,0,3
20160510,0,4
20160510,0,5
20160510,0,6
20160510,0,7
20160510,0,8
20160510,0,9
20160510,0,10
20160510,0,11
20160510,0,12
20160510,0,13
20160514,0,0
20160514,0,1
20160514,0,2
20160514,0,3
20160514,0,4
20160514,0,5
20160514,0,6
20160514,0,7
20160514,0,8
20160514,0,9
20160514,0,10
20160514,0,11
20160514,0,12
20160514,0,13
20160522,0,0
20160522,0,1
20160522,0,2
20160522,0,3
20160522,0,4
20160522,0,5
20160522,0,6
20160522,0,7
20160522,0,8
20160522,0,9
20160522,0,10
20160522,0,11
20160522,0,12
20160522,0,13
20160528,0,0
20160528,0,1
20160528,0,2
20160528,0,3
20160528,0,4
20160528,0,5
20160528,0,6
20160528,0,7
20160528,0,8
20160528,0,9
20160528,0,10
20160528,0,11
20160528,0,12
20160528,0,13
20160604,0,0
20160604,0,1
20160604,0,2
20160604,0,3
20160604,0,4
20160604,0,5
20160604,0,6
20160604,0,7
20160604,0,8
20160604,0,9
20160604,0,10
20160604,0,11
20160604,0,12
20160604,0,13
20160609,0,0
20160609,0,1
20160609,0,2
20160609,0,3
20160609,0,4
20160609,0,5
20160609,0,6
20160609,0,7
20160609,0,8
20160609,0,9
20160609,0,10
20160609,0,11
20160609,0,12
20160609,0,13
20160614,0,0
20160614,0,1
20160614,0,2
20160614,0,3
20160614,0,4
20160614,0,5
20160614,0,6
20160614,0,7
20160614,0,8
20160614,0,9
20160614,0,10
20160614,0,11
20160614,0,12
20160614,0,13
20160620,0,0
20160620,0,1
20160620,0,2
20160620,0,3
20160620,0,4
20160620,0,5
20160620,0,6
20160620,0,7
20160620,0,8
20160620,0,9
20160620,0,10
20160620,0,11
20160620,0,12
20160620,0,13
20160623,0,0
20160623,0,1
20160623,0,2
20160623,0,3
20160623,0,4
20160623,0,5
20160623,0,6
20160623,0,7
20160623,0,8
20160623,0,9
20160623,0,10
20160623,0,11
20160623,0,12
20160623,0,13
20160627,0,0
20160627,0,1
20160627,0,2
20160627,0,3
20160627,0,4
20160627,0,5
20160627,0,6
20160627,0,7
20160627,0,8
20160627,0,9
20160627,0,10
20160627,0,11
20160627,0,12
20160627,0,13
20160630,0,0
20160630,0,1
20160630,0,2
20160630,0,3
20160630,0,4
20160630,0,5
20160630,0,6
20160630,0,7
20160630,0,8
20160630,0,9
20160630,0,10
20160630,0,11
20160630,0,12
20160630,0,13
20160704,0,0
20160704,0,1
20160704,0,2
20160704,0,3
20160704,0,4
20160704,0,5
20160704,0,6
20160704,0,7
20160704,0,8
20160704,0,9
20160704,0,10
20160704,0,11
20160704,0,12
20160704,0,13
20160708,0,0
20160708,0,1
20160708,0,2
20160708,0,3
20160708,0,4
20160708,0,5
20160708,0,6
20160708,0,7
20160708,0,8
20160708,0,9
20160708,0,10
20160708,0,11
20160708,0,12
20160708,0,13
20160713,0,0
20160713,0,1
20160713,0,2
20160713,0,3
20160713,0,4
20160713,0,5
20160713,0,6
20160713,0,7
20160713,0,8
20160713,0,9
20160713,0,10
20160713,0,11
20160713,0,12
20160713,0,13
20160719,0,0
20160719,0,1
20160719,0,2
20160719,0,3
20160719,0,4
20160719,0,5
20160719,0,6
20160719,0,7
20160719,0,8
20160719,0,9
20160719,0,10
20160719,0,11
20160719,0,12
20160719,0,13
20160724,0,0
20160724,0,1
20160724,0,2
20160724,0,3
20160724,0,4
20160724,0,5
20160724,0,6
20160724,0,7
20160724,0,8
20160724,0,9
20160724,0,10
20160724,0,11
20160724,0,12
20160724,0,13
20160729,0,0
20160729,0,1
20160729,0,2
20160729,0,3
20160729,0,4
20160729,0,5
20160729,0,6
20160729,0,7
20160729,0,8
20160729,0,9
20160729,0,10
20160729,0,11
20160729,0,12
20160729,0,13
20160801,0,0
20160801,0,1
20160801,0,2
20160801,0,3
20160801,0,4
20160801,0,5
20160801,0,6
20160801,0,7
20160801,0,8
20160801,0,9
20160801,0,10
20160801,0,11
20160801,0,12
20160801,0,13
20160808,0,0
20160808,0,1
20160808,0,2
20160808,0,3
20160808,0,4
20160808,0,5
20160808,0,6
20160808,0,7
20160808,0,8
20160808,0,9
20160808,0,10
20160808,0,11
20160808,0,12
20160808,0,13
20160814,0,0
20160814,0,1
20160814,0,2
20160814,0,3
20160814,0,4
20160814,0,5
20160814,0,6
20160814,0,7
20160814,0,8
20160814,0,9
20160814,0,10
20160814,0,11
20160814,0,12
20160814,0,13
20160820,0,0
20160820,0,1
20160820,0,2
20160820,0,3
20160820,0,4
20160820,0,5
20160820,0,6
20160820,0,7
20160820,0,8
20160820,0,9
20160820,0,10
20160820,0,11
20160820,0,12
20160820,0,13
20160824,0,0
20160824,0,1
20160824,0,2
20160824,0,3
20160824,0,4
20160824,0,5
20160824,0,6
20160824,0,7
20160824,0,8
20160824,0,9
20160824,0,10
20160824,0,11
20160824,0,12
20160824,0,13
20160829,0,0
20160829,0,1
20160829,0,2
20160829,0,3
20160829,0,4
20160829,0,5
20160829,0,6
20160829,0,7
20160829,0,8
20160829,0,9
20160829,0,10
20160829,0,11
20160829,0,12
20160829,0,13
20160901,0,1
20160901,0,2
20160901,0,3
20160901,0,4
20160901,0,5
20160901,0,6
20160901,0,7
20160901,0,8
20160901,0,9
20160901,0,10
20160901,0,11
20160901,0,12
20160901,0,13
20160901,1,0
20160907,0,1
20160907,0,2
20160907,0,3
20160907,0,4
20160907,0,5
20160907,0,6
20160907,0,7
20160907,0,8
20160907,0,9
20160907,0,10
20160907,0,11
20160907,0,12
20160907,0,13
20160907,1,0
20160910,0,1
20160910,0,2
20160910,0,3
20160910,0,4
20160910,0,5
20160910,0,6
20160910,0,7
20160910,0,8
20160910,0,9
20160910,0,10
20160910,0,11
20160910,0,12
20160910,0,13
20160910,1,0
20160913,0,0
20160913,0,1
20160913,0,2
20160913,0,3
20160913,0,4
20160913,0,5
20160913,0,6
20160913,0,7
20160913,0,8
20160913,0,9
20160913,0,10
20160913,0,11
20160913,0,12
20160913,0,13
20160920,0,0
20160920,0,1
20160920,0,2
20160920,0,3
20160920,0,4
20160920,0,5
20160920,0,6
20160920,0,7
20160920,0,8
20160920,0,9
20160920,0,10
20160920,0,11
20160920,0,12
20160920,0,13
20160926,0,0
20160926,0,1
20160926,0,2
20160926,0,3
20160926,0,4
20160926,0,5
20160926,0,6
20160926,0,7
20160926,0,8
20160926,0,9
20160926,0,10
20160926,0,11
20160926,0,12
20160926,0,13
20161004,0,0
20161004,0,1
20161004,0,2
20161004,0,3
20161004,0,4
20161004,0,5
20161004,0,6
20161004,0,7
20161004,0,8
20161004,0,9
20161004,0,10
20161004,0,11
20161004,0,12
20161004,0,13
20161013,0,0
20161013,0,1
20161013,0,2
20161013,0,3
20161013,0,4
20161013,0,5
20161013,0,6
20161013,0,7
20161013,0,8
20161013,0,9
20161013,0,10
20161013,0,11
20161013,0,12
20161013,0,13
20161019,0,0
20161019,0,1
20161019,0,2
20161019,0,3
20161019,0,4
20161019,0,5
20161019,0,6
20161019,0,7
20161019,0,8
20161019,0,9
20161019,0,10
20161019,0,11
20161019,0,12
20161019,0,13
20161026,0,0
20161026,0,1
20161026,0,2
20161026,0,3
20161026,0,4
20161026,0,5
20161026,0,6
20161026,0,7
20161026,0,8
20161026,0,9
20161026,0,10
20161026,0,11
20161026,0,12
20161026,0,13
20161101,0,0
20161101,0,1
20161101,0,2
20161101,0,3
20161101,0,4
20161101,0,5
20161101,0,6
20161101,0,7
20161101,0,8
20161101,0,9
20161101,0,10
20161101,0,11
20161101,0,12
20161101,0,13
20161108,0,0
20161108,0,1
20161108,0,2
20161108,0,3
20161108,0,4
20161108,0,5
20161108,0,6
20161108,0,7
20161108,0,8
20161108,0,9
20161108,0,10
20161108,0,11
20161108,0,12
20161108,0,13
20161111,0,0
20161111,0,1
20161111,0,2
20161111,0,3
20161111,0,4
20161111,0,5
20161111,0,6
20161111,0,7
20161111,0,8
20161111,0,9
20161111,0,10
20161111,0,11
20161111,0,12
20161111,0,13
20161117,0,0
20161117,0,1
20161117,0,2
20161117,0,3
20161117,0,4
20161117,0,5
20161117,0,6
20161117,0,7
20161117,0,8
20161117,0,9
20161117,0,10
20161117,0,11
20161117,0,12
20161117,0,13
20161122,0,0
20161122,0,1
20161122,0,2
20161122,0,3
20161122,0,4
20161122,0,5
20161122,0,6
20161122,0,7
20161122,0,8
20161122,0,9
20161122,0,10
20161122,0,11
20161122,0,12
20161122,0,13
20161126,0,0
20161126,0,1
20161126,0,2
20161126,0,3
20161126,0,4
20161126,0,5
20161126,0,6
20161126,0,7
20161126,0,8
20161126,0,9
20161126,0,10
20161126,0,11
20161126,0,12
20161126,0,13
20161205,0,0
20161205,0,1
20161205,0,2
20161205,0,3
20161205,0,4
20161205,0,5
20161205,0,7
20161205,0,8
20161205,0,9
20161205,0,10
20161205,0,11
20161205,0,12
20161205,0,13
20161205,4,6
20161212,0,0
20161212,0,1
20161212,0,2
20161212,0,3
20161212,0,4
20161212,0,5
20161212,0,7
20161212,0,8
20161212,0,9
20161212,0,10
20161212,0,11
20161212,0,12
20161212,0,13
20161212,4,6
20161219,0,0
20161219,0,1
20161219,0,2
20161219,0,3
20161219,0,4
20161219,0,5
20161219,0,7
20161219,0,8
20161219,0,9
20161219,0,10
20161219,0,11
20161219,0,12
20161219,0,13
20161219,4,6
20161225,0,0
20161225,0,1
20161225,0,2
20161225,0,3
20161225,0,4
20161225,0,5
20161225,0,7
20161225,0,8
20161225,0,9
20161225,0,10
20161225,0,11
20161225,0,12
20161225,0,13
20161225,4,6
20161231,0,0
20161231,0,1
20161231,0,2
20161231,0,3
20161231,0,4
20161231,0,5
20161231,0,7
20161231,0,8
20161231,0,9
20161231,0,10
20161231,0,11
20161231,0,12
20161231,0,13
20161231,4,6
20170106,0,0
20170106,0,1
20170106,0,2
20170106,0,3
20170106,0,4
20170106,0,5
20170106,0,7
20170106,0,8
20170106,0,9
20170106,0,10
20170106,0,11
20170106,0,12
20170106,0,13
20170106,4,6
20170111,0,0
20170111,0,1
20170111,0,2
20170111,0,3
20170111,0,4
20170111,0,5
20170111,0,7
20170111,0,8
20170111,0,9
20170111,0,10
20170111,0,11
20170111,0,12
20170111,0,13
20170111,4,6
20170120,0,0
20170120,0,1
20170120,0,2
20170120,0,3
20170120,0,4
20170120,0,5
20170120,0,7
20170120,0,8
20170120,0,9
20170120,0,10
20170120,0,11
20170120,0,12
20170120,0,13
20170120,4,6
20170129,0,0
20170129,0,1
20170129,0,2
20170129,0,3
20170129,0,4
20170129,0,5
20170129,0,7
20170129,0,8
20170129,0,9
20170129,0,10
20170129,0,11
20170129,0,12
20170129,0,13
20170129,4,6
20170203,1,3
20170203,1,2
20170203,0,0
20170203,0,1
20170203,0,4
20170203,0,5
20170203,0,6
20170203,0,7
20170203,0,8
20170203,0,9
20170203,0,10
20170203,0,11
20170203,0,12
20170203,0,13
20170213,1,2
20170213,1,4
20170213,1,12
20170213,1,3
20170213,0,0
20170213,0,1
20170213,0,5
20170213,0,6
20170213,0,7
20170213,0,8
20170213,0,9
20170213,0,10
20170213,0,11
20170213,0,13
20170223,1,5
20170223,1,6
20170223,1,10
20170223,1,11
20170223,1,2
20170223,1,3
20170223,1,4
20170223,1,12
20170223,0,0
20170223,0,1
20170223,0,7
20170223,0,8
20170223,0,9
20170223,0,13
20170301,2,2
20170301,2,3
20170301,2,4
20170301,1,5
20170301,1,6
20170301,1,10
20170301,1,11
20170301,1,12
20170301,0,0
20170301,0,1
20170301,0,7
20170301,0,8
20170301,0,9
20170301,0,13
20170320,2,2
20170320,2,3
20170320,2,4
20170320,1,5
20170320,1,6
20170320,1,10
20170320,1,11
20170320,2,12
20170320,0,0
20170320,0,1
20170320,0,7
20170320,0,8
20170320,0,9
20170320,0,13
20170405,2,2
20170405,2,3
20170405,2,4
20170405,1,5
20170405,1,6
20170405,2,10
20170405,2,11
20170405,2,12
20170405,0,0
20170405,0,1
20170405,0,7
20170405,0,8
20170405,0,9
20170405,0,13
20170428,2,10
20170428,2,11
20170428,2,12
20170428,1,2
20170428,1,3
20170428,1,4
20170428,0,0
20170428,0,1
20170428,0,5
20170428,0,6
20170428,0,7
20170428,0,8
20170428,0,9
20170428,0,13
20170505,1,2
20170505,1,3
20170505,2,10
20170505,2,11
20170505,2,12
20170505,0,0
20170505,0,1
20170505,0,4
20170505,0,5
20170505,0,6
20170505,0,7
20170505,0,8
20170505,0,9
20170505,0,13
20170531,2,12
20170531,2,11
20170531,2,10
20170531,0,0
20170531,0,1
20170531,0,2
20170531,0,3
20170531,0,4
20170531,0,5
20170531,0,6
20170531,0,7
20170531,0,8
20170531,0,9
20170531,0,13
20170602,1,11
20170602,0,0
20170602,0,1
20170602,0,2
20170602,0,3
20170602,0,4
20170602,0,5
20170602,0,6
20170602,0,7
20170602,0,8
20170602,0,9
20170602,0,10
20170602,0,12
20170602,0,13
20170603,0,0
20170603,0,1
20170603,0,2
20170603,0,3
20170603,0,4
20170603,0,5
20170603,0,6
20170603,0,7
20170603,0,8
20170603,0,9
20170603,0,10
20170603,0,11
20170603,0,12
20170603,0,13
20170605,0,0
20170605,0,1
20170605,0,2
20170605,0,3
20170605,0,4
20170605,0,5
20170605,0,6
20170605,0,7
20170605,0,8
20170605,0,9
20170605,0,13
20170605,1,12
20170605,1,11
20170605,1,10
20170705,0,0
20170705,0,1
20170705,0,2
20170705,0,3
20170705,0,4
20170705,0,5
20170705,0,6
20170705,0,7
20170705,0,8
20170705,0,9
20170705,0,13
20170705,1,12
20170705,1,11
20170705,1,10
20170716,0,0
20170716,0,1
20170716,0,2
20170716,0,3
20170716,0,4
20170716,0,5
20170716,0,6
20170716,0,7
20170716,0,8
20170716,0,9
20170716,0,13
20170716,1,12
20170716,1,11
20170716,1,10
20170726,0,0
20170726,0,1
20170726,0,2
20170726,0,3
20170726,0,4
20170726,0,5
20170726,0,6
20170726,0,7
20170726,0,8
20170726,0,9
20170726,0,13
20170726,1,12
20170726,1,11
20170726,1,10
20170816,0,0
20170816,0,1
20170816,0,2
20170816,0,3
20170816,0,4
20170816,0,5
20170816,0,6
20170816,0,7
20170816,0,8
20170816,0,9
20170816,0,13
20170816,1,12
20170816,1,11
20170816,1,10
20170901,1,0
20170901,0,1
20170901,0,2
20170901,0,3
20170901,0,4
20170901,0,5
20170901,0,6
20170901,0,7
20170901,0,8
20170901,0,9
20170901,0,10
20170901,0,11
20170901,0,12
20170901,0,13
20170909,0,0
20170909,0,1
20170909,0,2
20170909,0,3
20170909,0,4
20170909,0,5
20170909,0,6
20170909,0,7
20170909,0,8
20170909,0,9
20170909,0,10
20170909,0,11
20170909,0,12
20170909,0,13
20170915,0,0
20170915,0,1
20170915,0,2
20170915,0,3
20170915,0,4
20170915,0,5
20170915,0,6
20170915,0,7
20170915,0,8
20170915,0,9
20170915,0,10
20170915,0,11
20170915,0,12
20170915,0,13
20170923,0,0
20170923,0,1
20170923,0,2
20170923,0,3
20170923,0,4
20170923,0,5
20170923,0,6
20170923,0,7
20170923,0,8
20170923,0,9
20170923,0,10
20170923,0,11
20170923,0,12
20170923,0,13
20170929,0,0
20170929,0,1
20170929,0,2
20170929,0,3
20170929,0,4
20170929,0,5
20170929,0,6
20170929,0,7
20170929,0,8
20170929,0,9
20170929,0,10
20170929,0,11
20170929,0,12
20170929,0,13
20171001,1,3
20171001,1,0
20171001,1,11
20171001,0,1
20171001,0,2
20171001,0,4
20171001,0,5
20171001,0,6
20171001,0,7
20171001,0,8
20171001,0,9
20171001,0,10
20171001,0,12
20171001,0,13
20171009,1,3
20171009,1,0
20171009,1,11
20171009,0,1
20171009,0,2
20171009,0,4
20171009,0,5
20171009,0,6
20171009,0,7
20171009,0,8
20171009,0,9
20171009,0,10
20171009,0,12
20171009,0,13
20171014,1,11
20171014,0,0
20171014,0,1
20171014,0,2
20171014,0,3
20171014,0,4
20171014,0,5
20171014,0,6
20171014,0,7
20171014,0,8
20171014,0,9
20171014,0,10
20171014,0,12
20171014,0,13
20171020,1,11
20171020,0,0
20171020,0,1
20171020,0,2
20171020,0,3
20171020,0,4
20171020,0,5
20171020,0,6
20171020,0,7
20171020,0,8
20171020,0,9
20171020,0,10
20171020,0,12
20171020,0,13
20171029,1,11
20171029,0,0
20171029,0,1
20171029,0,2
20171029,0,3
20171029,0,4
20171029,0,5
20171029,0,6
20171029,0,7
20171029,0,8
20171029,0,9
20171029,0,10
20171029,0,12
20171029,0,13
20171110,1,4
20171110,1,11
20171110,0,0
20171110,0,1
20171110,0,2
20171110,0,3
20171110,0,5
20171110,0,6
20171110,0,7
20171110,0,8
20171110,0,9
20171110,0,10
20171110,0,12
20171110,0,13
20171116,1,4
20171116,1,11
20171116,0,0
20171116,0,1
20171116,0,2
20171116,0,3
20171116,0,5
20171116,0,6
20171116,0,7
20171116,0,8
20171116,0,9
20171116,0,10
20171116,0,12
20171116,0,13
20171121,1,4
20171121,1,11
20171121,0,0
20171121,0,1
20171121,0,2
20171121,0,3
20171121,0,5
20171121,0,6
20171121,0,7
20171121,0,8
20171121,0,9
20171121,0,10
20171121,0,12
20171121,0,13
20171127,1,4
20171127,1,11
20171127,0,0
20171127,0,1
20171127,0,2
20171127,0,3
20171127,0,5
20171127,0,6
20171127,0,7
20171127,0,8
20171127,0,9
20171127,0,10
20171127,0,12
20171127,0,13
20171204,0,0
20171204,0,1
20171204,0,2
20171204,0,3
20171204,0,6
20171204,0,7
20171204,0,8
20171204,0,9
20171204,0,10
20171204,0,12
20171204,0,13
20171204,1,4
20171204,1,5
20171204,1,11
20171216,0,0
20171216,0,1
20171216,0,2
20171216,0,3
20171216,0,6
20171216,0,7
20171216,0,8
20171216,0,9
20171216,0,10
20171216,0,12
20171216,0,13
20171216,1,4
20171216,1,5
20171216,1,11
20171227,2,4
20171227,2,5
20171227,1,11
20171227,0,0
20171227,0,1
20171227,0,2
20171227,0,3
20171227,0,6
20171227,0,7
20171227,0,8
20171227,0,9
20171227,0,10
20171227,0,12
20171227,0,13
20180115,2,4
20180115,2,5
20180115,1,11
20180115,0,0
20180115,0,1
20180115,0,2
20180115,0,3
20180115,0,6
20180115,0,7
20180115,0,8
20180115,0,9
20180115,0,10
20180115,0,12
20180115,0,13
20180119,2,4
20180119,2,5
20180119,1,11
20180119,0,0
20180119,0,1
20180119,0,2
20180119,0,3
20180119,0,6
20180119,0,7
20180119,0,8
20180119,0,9
20180119,0,10
20180119,0,12
20180119,0,13
20180126,0,0
20180126,0,1
20180126,0,2
20180126,0,3
20180126,0,6
20180126,0,7
20180126,0,8
20180126,0,9
20180126,0,10
20180126,0,12
20180126,0,13
20180126,2,5
20180126,1,11
20180126,1,4
20180213,0,0
20180213,0,1
20180213,0,2
20180213,0,3
20180213,0,4
20180213,0,6
20180213,0,7
20180213,0,8
20180213,0,9
20180213,0,10
20180213,0,12
20180213,0,13
20180213,2,5
20180213,1,11
20180220,0,0
20180220,0,1
20180220,0,2
20180220,0,3
20180220,0,4
20180220,0,6
20180220,0,7
20180220,0,8
20180220,0,9
20180220,0,10
20180220,0,12
20180220,0,13
20180220,2,5
20180220,1,11
20180226,0,0
20180226,0,1
20180226,0,2
20180226,0,3
20180226,0,4
20180226,0,6
20180226,0,7
20180226,0,8
20180226,0,9
20180226,0,10
20180226,0,12
20180226,0,13
20180226,2,5
20180226,1,11
20180302,0,0
20180302,0,1
20180302,0,2
20180302,0,3
20180302,0,4
20180302,0,6
20180302,0,7
20180302,0,8
20180302,0,9
20180302,0,10
20180302,0,12
20180302,0,13
20180302,2,5
20180302,1,11
20180311,0,0
20180311,0,1
20180311,0,2
20180311,0,3
20180311,0,4
20180311,0,6
20180311,0,7
20180311,0,8
20180311,0,9
20180311,0,10
20180311,0,12
20180311,0,13
20180311,2,5
20180311,1,11
20180317,0,0
20180317,0,1
20180317,0,2
20180317,0,3
20180317,0,4
20180317,0,6
20180317,0,7
20180317,0,8
20180317,0,9
20180317,0,10
20180317,0,12
20180317,0,13
20180317,2,5
20180317,1,11
20180324,0,0
20180324,0,1
20180324,0,2
20180324,0,3
20180324,0,4
20180324,0,6
20180324,0,7
20180324,0,8
20180324,0,9
20180324,0,10
20180324,0,12
20180324,0,13
20180324,2,5
20180324,1,11
20180409,0,0
20180409,0,1
20180409,0,2
20180409,0,3
20180409,0,4
20180409,0,6
20180409,0,7
20180409,0,8
20180409,0,9
20180409,0,10
20180409,0,12
20180409,0,13
20180409,2,5
20180409,1,11
20180416,0,0
20180416,0,1
20180416,0,2
20180416,0,3
20180416,0,4
20180416,0,6
20180416,0,7
20180416,0,8
20180416,0,9
20180416,0,10
20180416,0,13
20180416,2,5
20180416,1,11
20180416,1,12
20180422,0,0
20180422,0,1
20180422,0,2
20180422,0,3
20180422,0,4
20180422,0,6
20180422,0,7
20180422,0,8
20180422,0,9
20180422,0,10
20180422,0,13
20180422,2,5
20180422,1,11
20180422,1,12
20180428,0,0
20180428,0,1
20180428,0,2
20180428,0,3
20180428,0,4
20180428,0,6
20180428,0,7
20180428,0,8
20180428,0,9
20180428,0,10
20180428,0,13
20180428,2,5
20180428,1,11
20180428,1,12
20180501,0,0
20180501,0,1
20180501,0,2
20180501,0,3
20180501,0,4
20180501,0,6
20180501,0,7
20180501,0,8
20180501,0,9
20180501,0,10
20180501,0,13
20180501,1,5
20180501,1,11
20180501,1,12
20180508,0,0
20180508,0,1
20180508,0,2
20180508,0,3
20180508,0,4
20180508,0,6
20180508,0,7
20180508,0,8
20180508,0,9
20180508,0,10
20180508,0,13
20180508,1,5
20180508,1,11
20180508,1,12
20180514,0,0
20180514,0,1
20180514,0,2
20180514,0,3
20180514,0,4
20180514,0,6
20180514,0,7
20180514,0,8
20180514,0,9
20180514,0,10
20180514,0,13
20180514,1,5
20180514,1,11
20180514,1,12
20180519,0,0
20180519,0,1
20180519,0,2
20180519,0,3
20180519,0,4
20180519,0,6
20180519,0,7
20180519,0,8
20180519,0,9
20180519,0,10
20180519,0,13
20180519,1,5
20180519,1,11
20180519,1,12
20180524,0,0
20180524,0,1
20180524,0,2
20180524,0,3
20180524,0,4
20180524,0,5
20180524,0,6
20180524,0,7
20180524,0,8
20180524,0,9
20180524,0,10
20180524,0,13
20180524,2,11
20180524,1,12
20180529,0,0
20180529,0,1
20180529,0,2
20180529,0,3
20180529,0,4
20180529,0,5
20180529,0,6
20180529,0,7
20180529,0,8
20180529,0,9
20180529,0,10
20180529,0,13
20180529,2,11
20180529,1,12
20180602,0,0
20180602,0,1
20180602,0,2
20180602,0,3
20180602,0,4
20180602,0,5
20180602,0,6
20180602,0,7
20180602,0,8
20180602,0,9
20180602,0,10
20180602,0,13
20180602,2,11
20180602,1,12
20180608,0,0
20180608,0,1
20180608,0,2
20180608,0,4
20180608,0,5
20180608,0,6
20180608,0,7
20180608,0,8
20180608,0,9
20180608,0,10
20180608,0,13
20180608,1,3
20180608,2,11
20180608,1,12
20180614,0,0
20180614,0,1
20180614,0,2
20180614,0,3
20180614,0,4
20180614,0,5
20180614,0,6
20180614,0,7
20180614,0,8
20180614,0,9
20180614,0,10
20180614,0,11
20180614,0,12
20180614,0,13
20180622,0,0
20180622,0,1
20180622,0,2
20180622,0,4
20180622,0,5
20180622,0,6
20180622,0,7
20180622,0,8
20180622,0,9
20180622,0,10
20180622,0,12
20180622,0,13
20180622,1,3
20180622,1,11
20180630,0,0
20180630,0,1
20180630,0,2
20180630,0,4
20180630,0,5
20180630,0,6
20180630,0,7
20180630,0,8
20180630,0,9
20180630,0,10
20180630,0,12
20180630,0,13
20180630,1,3
20180630,1,11
20180706,0,0
20180706,0,1
20180706,0,2
20180706,0,4
20180706,0,5
20180706,0,6
20180706,0,7
20180706,0,8
20180706,0,9
20180706,0,10
20180706,0,11
20180706,0,12
20180706,0,13
20180706,1,3
20180711,0,0
20180711,0,1
20180711,0,2
20180711,0,3
20180711,0,4
20180711,0,5
20180711,0,6
20180711,0,7
20180711,0,8
20180711,0,9
20180711,0,10
20180711,0,11
20180711,0,12
20180711,0,13
20180720,0,0
20180720,0,1
20180720,0,2
20180720,0,3
20180720,0,4
20180720,0,5
20180720,0,6
20180720,0,7
20180720,0,8
20180720,0,9
20180720,0,10
20180720,0,11
20180720,0,12
20180720,0,13
20180728,0,0
20180728,0,1
20180728,0,2
20180728,0,3
20180728,0,4
20180728,0,5
20180728,0,6
20180728,0,7
20180728,0,8
20180728,0,9
20180728,0,10
20180728,0,11
20180728,0,12
20180728,0,13
20180808,0,0
20180808,0,1
20180808,0,2
20180808,0,3
20180808,0,4
20180808,0,5
20180808,0,6
20180808,0,7
20180808,0,8
20180808,0,9
20180808,0,10
20180808,0,11
20180808,0,12
20180808,0,13
20180818,0,0
20180818,0,1
20180818,0,2
20180818,0,3
20180818,0,4
20180818,0,5
20180818,0,6
20180818,0,7
20180818,0,8
20180818,0,9
20180818,0,10
20180818,0,11
20180818,0,12
20180818,0,13
20180826,0,0
20180826,0,1
20180826,0,2
20180826,0,3
20180826,0,4
20180826,0,5
20180826,0,6
20180826,0,7
20180826,0,8
20180826,0,9
20180826,0,10
20180826,0,11
20180826,0,12
20180826,0,13
20180903,0,0
20180903,0,1
20180903,0,2
20180903,0,3
20180903,0,4
20180903,0,5
20180903,0,6
20180903,0,7
20180903,0,8
20180903,0,9
20180903,0,10
20180903,0,11
20180903,0,12
20180903,0,13
20180914,0,0
20180914,0,1
20180914,0,2
20180914,0,3
20180914,0,4
20180914,0,5
20180914,0,6
20180914,0,7
20180914,0,8
20180914,0,9
20180914,0,10
20180914,0,11
20180914,0,12
20180914,0,13
20180922,0,0
20180922,0,1
20180922,0,2
20180922,0,3
20180922,0,4
20180922,0,5
20180922,0,6
20180922,0,7
20180922,0,8
20180922,0,9
20180922,0,10
20180922,0,11
20180922,0,12
20180922,0,13
20181001,0,0
20181001,0,1
20181001,0,2
20181001,0,3
20181001,0,4
20181001,0,5
20181001,0,6
20181001,0,7
20181001,0,8
20181001,0,9
20181001,0,10
20181001,0,11
20181001,0,12
20181001,0,13
20181009,0,0
20181009,0,1
20181009,0,2
20181009,0,3
20181009,0,4
20181009,0,5
20181009,0,6
20181009,0,7
20181009,0,8
20181009,0,9
20181009,0,10
20181009,0,11
20181009,0,12
20181009,0,13
20181017,0,0
20181017,0,1
20181017,0,2
20181017,0,3
20181017,0,4
20181017,0,5
20181017,0,6
20181017,0,7
20181017,0,8
20181017,0,9
20181017,0,10
20181017,0,11
20181017,0,12
20181017,0,13
20181021,0,0
20181021,0,1
20181021,0,2
20181021,0,3
20181021,0,4
20181021,0,5
20181021,0,6
20181021,0,7
20181021,0,8
20181021,0,9
20181021,0,10
20181021,0,11
20181021,0,12
20181021,0,13
20181028,0,0
20181028,0,1
20181028,0,2
20181028,0,3
20181028,0,4
20181028,0,5
20181028,0,6
20181028,0,7
20181028,0,8
20181028,0,9
20181028,0,10
20181028,0,11
20181028,0,12
20181028,0,13
20181106,0,0
20181106,0,1
20181106,0,2
20181106,0,3
20181106,0,4
20181106,0,5
20181106,0,6
20181106,0,7
20181106,0,8
20181106,0,9
20181106,0,10
20181106,0,11
20181106,0,12
20181106,0,13
20181114,0,0
20181114,0,1
20181114,0,2
20181114,0,3
20181114,0,4
20181114,0,5
20181114,0,6
20181114,0,7
20181114,0,8
20181114,0,9
20181114,0,10
20181114,0,11
20181114,0,12
20181114,0,13
20181121,0,0
20181121,0,1
20181121,0,2
20181121,0,3
20181121,0,4
20181121,0,5
20181121,0,6
20181121,0,7
20181121,0,8
20181121,0,9
20181121,0,10
20181121,0,11
20181121,0,12
20181121,0,13
20181127,0,0
20181127,0,1
20181127,0,2
20181127,0,3
20181127,0,4
20181127,0,5
20181127,0,6
20181127,0,7
20181127,0,8
20181127,0,9
20181127,0,10
20181127,0,11
20181127,0,12
20181127,0,13
20181202,0,0
20181202,0,1
20181202,0,2
20181202,0,3
20181202,0,4
20181202,0,5
20181202,0,6
20181202,0,7
20181202,0,8
20181202,0,9
20181202,0,10
20181202,0,11
20181202,0,12
20181202,0,13
20181209,0,0
20181209,0,1
20181209,0,2
20181209,0,3
20181209,0,4
20181209,0,5
20181209,0,6
20181209,0,7
20181209,0,8
20181209,0,9
20181209,0,10
20181209,0,11
20181209,0,12
20181209,0,13
20181216,0,0
20181216,0,1
20181216,0,2
20181216,0,3
20181216,0,4
20181216,0,5
20181216,0,6
20181216,0,7
20181216,0,8
20181216,0,9
20181216,0,10
20181216,0,11
20181216,0,12
20181216,0,13
20181223,0,0
20181223,0,1
20181223,0,2
20181223,0,3
20181223,0,4
20181223,0,5
20181223,0,6
20181223,0,7
20181223,0,8
20181223,0,9
20181223,0,10
20181223,0,11
20181223,0,12
20181223,0,13
20190101,0,0
20190101,0,1
20190101,0,2
20190101,0,3
20190101,0,4
20190101,0,5
20190101,0,6
20190101,0,7
20190101,0,8
20190101,0,9
20190101,0,10
20190101,0,11
20190101,0,12
20190101,0,13
20190107,0,0
20190107,0,1
20190107,0,2
20190107,0,3
20190107,0,4
20190107,0,5
20190107,0,6
20190107,0,7
20190107,0,8
20190107,0,9
20190107,0,10
20190107,0,11
20190107,0,12
20190107,0,13
20190113,0,0
20190113,0,1
20190113,0,2
20190113,0,3
20190113,0,4
20190113,0,5
20190113,0,6
20190113,0,7
20190113,0,8
20190113,0,9
20190113,0,10
20190113,0,11
20190113,0,12
20190113,0,13
20190119,0,0
20190119,0,1
20190119,0,2
20190119,0,3
20190119,0,4
20190119,0,5
20190119,0,6
20190119,0,7
20190119,0,8
20190119,0,9
20190119,0,10
20190119,0,11
20190119,0,12
20190119,0,13
20190125,0,0
20190125,0,1
20190125,0,2
20190125,0,3
20190125,0,4
20190125,0,5
20190125,0,6
20190125,0,7
20190125,0,8
20190125,0,9
20190125,0,10
20190125,0,11
20190125,0,12
20190125,0,13
20190131,0,0
20190131,0,1
20190131,0,2
20190131,0,3
20190131,0,4
20190131,0,5
20190131,0,6
20190131,0,7
20190131,0,8
20190131,0,9
20190131,0,10
20190131,0,11
20190131,0,12
20190131,0,13
20190204,0,0
20190204,0,1
20190204,0,2
20190204,0,3
20190204,0,4
20190204,0,5
20190204,0,6
20190204,0,7
20190204,0,8
20190204,0,9
20190204,0,10
20190204,0,11
20190204,0,12
20190204,0,13
20190210,0,0
20190210,0,1
20190210,0,2
20190210,0,3
20190210,0,4
20190210,0,5
20190210,0,6
20190210,0,7
20190210,0,8
20190210,0,9
20190210,0,10
20190210,0,11
20190210,0,12
20190210,0,13
20190215,0,0
20190215,0,1
20190215,0,2
20190215,0,3
20190215,0,5
20190215,0,6
20190215,0,7
20190215,0,8
20190215,0,9
20190215,0,10
20190215,0,11
20190215,0,12
20190215,0,13
20190215,1,4
20190219,0,0
20190219,0,1
20190219,0,2
20190219,0,4
20190219,0,5
20190219,0,6
20190219,0,7
20190219,0,8
20190219,0,9
20190219,0,10
20190219,0,11
20190219,0,12
20190219,0,13
20190219,2,3
20190224,0,0
20190224,0,1
20190224,0,2
20190224,0,3
20190224,0,4
20190224,0,5
20190224,0,6
20190224,0,7
20190224,0,8
20190224,0,9
20190224,0,10
20190224,0,11
20190224,0,12
20190224,0,13
20190304,0,0
20190304,0,1
20190304,0,2
20190304,0,3
20190304,0,5
20190304,0,6
20190304,0,7
20190304,0,8
20190304,0,9
20190304,0,10
20190304,0,11
20190304,0,13
20190304,2,4
20190304,1,12
20190314,0,0
20190314,0,1
20190314,0,2
20190314,0,3
20190314,0,5
20190314,0,6
20190314,0,7
20190314,0,8
20190314,0,9
20190314,0,10
20190314,0,11
20190314,0,13
20190314,1,4
20190314,1,12
20190320,0,0
20190320,0,1
20190320,0,2
20190320,0,3
20190320,0,5
20190320,0,6
20190320,0,7
20190320,0,8
20190320,0,9
20190320,0,10
20190320,0,11
20190320,0,13
20190320,1,4
20190320,1,12
20190326,0,0
20190326,0,1
20190326,0,2
20190326,0,3
20190326,0,5
20190326,0,6
20190326,0,7
20190326,0,8
20190326,0,9
20190326,0,10
20190326,0,11
20190326,0,13
20190326,1,4
20190326,1,12
20190401,0,0
20190401,0,1
20190401,0,2
20190401,0,3
20190401,0,5
20190401,0,6
20190401,0,7
20190401,0,8
20190401,0,9
20190401,0,10
20190401,0,11
20190401,0,13
20190401,1,4
20190401,1,12
20190411,0,0
20190411,0,1
20190411,0,2
20190411,0,3
20190411,0,5
20190411,0,6
20190411,0,7
20190411,0,8
20190411,0,9
20190411,0,10
20190411,0,11
20190411,0,13
20190411,1,4
20190411,1,12
20190419,0,0
20190419,0,1
20190419,0,2
20190419,0,3
20190419,0,4
20190419,0,5
20190419,0,6
20190419,0,7
20190419,0,8
20190419,0,9
20190419,0,10
20190419,0,11
20190419,0,13
20190419,1,12
20190424,0,0
20190424,0,1
20190424,0,2
20190424,0,3
20190424,0,4
20190424,0,5
20190424,0,6
20190424,0,7
20190424,0,8
20190424,0,9
20190424,0,10
20190424,0,11
20190424,0,13
20190424,1,12
20190429,0,0
20190429,0,1
20190429,0,2
20190429,0,3
20190429,0,4
20190429,0,5
20190429,0,6
20190429,0,7
20190429,0,8
20190429,0,9
20190429,0,10
20190429,0,11
20190429,0,13
20190429,1,12
20190506,0,0
20190506,0,1
20190506,0,2
20190506,0,3
20190506,0,4
20190506,0,6
20190506,0,7
20190506,0,8
20190506,0,9
20190506,0,10
20190506,0,5
20190506,0,12
20190506,0,13
20190506,0,11
20190519,0,0
20190519,0,1
20190519,0,2
20190519,0,3
20190519,0,4
20190519,0,6
20190519,0,7
20190519,0,8
20190519,0,9
20190519,0,10
20190519,0,5
20190519,0,12
20190519,0,13
20190519,0,11
20190527,0,0
20190527,0,1
20190527,0,2
20190527,0,3
20190527,0,4
20190527,0,5
20190527,0,6
20190527,0,7
20190527,0,8
20190527,0,9
20190527,0,10
20190527,0,11
20190527,0,12
20190527,0,13
20190527,1,4
20190606,0,0
20190606,0,1
20190606,0,2
20190606,0,3
20190606,0,4
20190606,0,5
20190606,0,6
20190606,0,7
20190606,0,8
20190606,0,9
20190606,0,10
20190606,0,11
20190606,0,12
20190606,0,13
20190616,0,0
20190616,0,1
20190616,0,2
20190616,0,3
20190616,0,4
20190616,0,5
20190616,0,6
20190616,0,7
20190616,0,8
20190616,0,9
20190616,0,10
20190616,0,11
20190616,0,12
20190616,0,13
20190625,0,0
20190625,0,1
20190625,0,2
20190625,0,3
20190625,0,4
20190625,0,5
20190625,0,6
20190625,0,7
20190625,0,8
20190625,0,9
20190625,0,10
20190625,0,11
20190625,0,12
20190625,0,13
20190630,0,0
20190630,0,1
20190630,0,2
20190630,0,3
20190630,0,4
20190630,0,5
20190630,0,6
20190630,0,7
20190630,0,8
20190630,0,9
20190630,0,10
20190630,0,11
20190630,0,12
20190630,0,13
20190702,0,0
20190702,0,1
20190702,0,2
20190702,0,3
20190702,0,4
20190702,0,5
20190702,0,6
20190702,0,7
20190702,0,8
20190702,0,9
20190702,0,10
20190702,0,11
20190702,0,12
20190702,0,13
20190708,0,0
20190708,0,1
20190708,0,2
20190708,0,3
20190708,0,4
20190708,0,5
20190708,0,6
20190708,0,7
20190708,0,8
20190708,0,9
20190708,0,10
20190708,0,11
20190708,0,12
20190708,0,13
20190715,0,0
20190715,0,1
20190715,0,2
20190715,0,3
20190715,0,4
20190715,0,5
20190715,0,6
20190715,0,7
20190715,0,8
20190715,0,9
20190715,0,10
20190715,0,11
20190715,0,12
20190715,0,13
20190720,0,0
20190720,0,1
20190720,0,2
20190720,0,3
20190720,0,4
20190720,0,5
20190720,0,6
20190720,0,7
20190720,0,8
20190720,0,9
20190720,0,10
20190720,0,11
20190720,0,12
20190720,0,13
20190731,0,0
20190731,0,1
20190731,0,2
20190731,0,3
20190731,0,4
20190731,0,5
20190731,0,6
20190731,0,7
20190731,0,8
20190731,0,9
20190731,0,10
20190731,0,11
20190731,0,12
20190731,0,13
20190804,0,0
20190804,0,1
20190804,0,2
20190804,0,3
20190804,0,4
20190804,0,5
20190804,0,6
20190804,0,7
20190804,0,8
20190804,0,9
20190804,0,10
20190804,0,11
20190804,0,12
20190804,0,13
20190809,0,0
20190809,0,1
20190809,0,2
20190809,0,3
20190809,0,4
20190809,0,5
20190809,0,6
20190809,0,7
20190809,0,8
20190809,0,9
20190809,0,10
20190809,0,11
20190809,0,12
20190809,0,13
20190813,0,0
20190813,0,1
20190813,0,2
20190813,0,3
20190813,0,4
20190813,0,5
20190813,0,6
20190813,0,7
20190813,0,8
20190813,0,9
20190813,0,10
20190813,0,11
20190813,0,12
20190813,0,13
20190825,0,0
20190825,0,1
20190825,0,2
20190825,0,3
20190825,0,4
20190825,0,5
20190825,0,6
20190825,0,7
20190825,0,8
20190825,0,9
20190825,0,10
20190825,0,11
20190825,0,12
20190825,0,13
20190901,0,0
20190901,0,1
20190901,0,2
20190901,0,3
20190901,0,4
20190901,0,5
20190901,0,6
20190901,0,7
20190901,0,8
20190901,0,9
20190901,0,10
20190901,0,11
20190901,0,12
20190901,0,13
20190909,0,0
20190909,0,1
20190909,0,2
20190909,0,3
20190909,0,4
20190909,0,5
20190909,0,6
20190909,0,7
20190909,0,8
20190909,0,9
20190909,0,10
20190909,0,11
20190909,0,12
20190909,0,13
20190915,0,0
20190915,0,1
20190915,0,2
20190915,0,3
20190915,0,4
20190915,0,5
20190915,0,6
20190915,0,7
20190915,0,8
20190915,0,9
20190915,0,10
20190915,0,11
20190915,0,12
20190915,0,13
20190920,0,0
20190920,0,1
20190920,0,2
20190920,0,3
20190920,0,4
20190920,0,5
20190920,0,6
20190920,0,7
20190920,0,8
20190920,0,9
20190920,0,10
20190920,0,11
20190920,0,12
20190920,0,13
20190928,0,0
20190928,0,1
20190928,0,2
20190928,0,3
20190928,0,4
20190928,0,5
20190928,0,6
20190928,0,7
20190928,0,8
20190928,0,9
20190928,0,10
20190928,0,11
20190928,0,12
20190928,0,13
20191006,0,0
20191006,0,1
20191006,0,2
20191006,0,3
20191006,0,4
20191006,0,5
20191006,0,6
20191006,0,7
20191006,0,8
20191006,0,9
20191006,0,10
20191006,0,11
20191006,0,12
20191006,0,13
20191013,0,0
20191013,0,1
20191013,0,2
20191013,0,3
20191013,0,4
20191013,0,5
20191013,0,6
20191013,0,7
20191013,0,8
20191013,0,9
20191013,0,10
20191013,0,11
20191013,0,12
20191013,0,13
20191020,0,0
20191020,0,1
20191020,0,2
20191020,0,3
20191020,0,4
20191020,0,5
20191020,0,6
20191020,0,7
20191020,0,8
20191020,0,9
20191020,0,10
20191020,0,11
20191020,0,12
20191020,0,13
20191026,0,0
20191026,0,1
20191026,0,2
20191026,0,3
20191026,0,4
20191026,0,5
20191026,0,6
20191026,0,7
20191026,0,8
20191026,0,9
20191026,0,10
20191026,0,11
20191026,0,12
20191026,0,13
20191030,0,0
20191030,0,1
20191030,0,2
20191030,0,3
20191030,0,4
20191030,0,5
20191030,0,6
20191030,0,7
20191030,0,8
20191030,0,9
20191030,0,10
20191030,0,11
20191030,0,12
20191030,0,13
20191105,0,0
20191105,0,1
20191105,0,2
20191105,0,3
20191105,0,4
20191105,0,5
20191105,0,6
20191105,0,7
20191105,0,8
20191105,0,9
20191105,0,10
20191105,0,11
20191105,0,12
20191105,0,13
20191114,0,0
20191114,0,1
20191114,0,2
20191114,0,3
20191114,0,4
20191114,0,5
20191114,0,6
20191114,0,7
20191114,0,8
20191114,0,9
20191114,0,10
20191114,0,11
20191114,0,12
20191114,0,13
20191120,0,0
20191120,0,1
20191120,0,2
20191120,0,3
20191120,0,4
20191120,0,5
20191120,0,6
20191120,0,7
20191120,0,8
20191120,0,9
20191120,0,10
20191120,0,11
20191120,0,12
20191120,0,13
20191130,0,0
20191130,0,1
20191130,0,2
20191130,0,3
20191130,0,4
20191130,0,5
20191130,0,6
20191130,0,7
20191130,0,8
20191130,0,9
20191130,0,10
20191130,0,11
20191130,0,12
20191130,0,13
20191203,0,0
20191203,0,1
20191203,0,2
20191203,0,3
20191203,0,4
20191203,0,5
20191203,0,6
20191203,0,7
20191203,0,8
20191203,0,9
20191203,0,10
20191203,0,11
20191203,0,12
20191203,0,13
20191207,0,0
20191207,0,1
20191207,0,2
20191207,0,3
20191207,0,4
20191207,0,5
20191207,0,6
20191207,0,7
20191207,0,8
20191207,0,9
20191207,0,10
20191207,0,11
20191207,0,12
20191207,0,13
20191213,0,0
20191213,0,1
20191213,0,2
20191213,0,3
20191213,0,4
20191213,0,5
20191213,0,6
20191213,0,7
20191213,0,8
20191213,0,9
20191213,0,10
20191213,0,11
20191213,0,12
20191213,0,13
20191219,0,0
20191219,0,1
20191219,0,2
20191219,0,3
20191219,0,4
20191219,0,5
20191219,0,6
20191219,0,7
20191219,0,8
20191219,0,9
20191219,0,10
20191219,0,11
20191219,0,12
20191219,0,13
20191224,0,0
20191224,0,1
20191224,0,2
20191224,0,3
20191224,0,4
20191224,0,5
20191224,0,6
20191224,0,7
20191224,0,8
20191224,0,9
20191224,0,10
20191224,0,11
20191224,0,12
20191224,0,13
20191231,0,0
20191231,0,1
20191231,0,2
20191231,0,3
20191231,0,4
20191231,0,5
20191231,0,6
20191231,0,7
20191231,0,8
20191231,0,9
20191231,0,10
20191231,0,11
20191231,0,12
20191231,0,13
20200106,0,0
20200106,0,1
20200106,0,2
20200106,0,3
20200106,0,4
20200106,0,5
20200106,0,6
20200106,0,7
20200106,0,8
20200106,0,9
20200106,0,10
20200106,0,11
20200106,0,12
20200106,0,13
20200110,0,0
20200110,0,1
20200110,0,2
20200110,0,3
20200110,0,4
20200110,0,5
20200110,0,6
20200110,0,7
20200110,0,8
20200110,0,9
20200110,0,10
20200110,0,11
20200110,0,12
20200110,0,13
20200116,0,0
20200116,0,1
20200116,0,2
20200116,0,3
20200116,0,4
20200116,0,5
20200116,0,6
20200116,0,7
20200116,0,8
20200116,0,9
20200116,0,10
20200116,0,11
20200116,0,12
20200116,0,13
20200123,0,0
20200123,0,1
20200123,0,2
20200123,0,3
20200123,0,4
20200123,0,5
20200123,0,6
20200123,0,7
20200123,0,8
20200123,0,9
20200123,0,10
20200123,0,11
20200123,0,12
20200123,0,13
20200128,0,0
20200128,0,1
20200128,0,2
20200128,0,3
20200128,0,4
20200128,0,5
20200128,0,6
20200128,0,7
20200128,0,8
20200128,0,9
20200128,0,10
20200128,0,11
20200128,0,12
20200128,0,13
20200205,0,0
20200205,0,1
20200205,0,2
20200205,0,3
20200205,0,4
20200205,0,5
20200205,0,6
20200205,0,7
20200205,0,8
20200205,0,9
20200205,0,10
20200205,0,11
20200205,0,12
20200205,0,13
20200213,0,0
20200213,0,1
20200213,0,2
20200213,0,3
20200213,0,4
20200213,0,5
20200213,0,6
20200213,0,7
20200213,0,8
20200213,0,9
20200213,0,10
20200213,0,11
20200213,0,12
20200213,0,13
20200219,0,0
20200219,0,1
20200219,0,2
20200219,0,3
20200219,0,4
20200219,0,5
20200219,0,6
20200219,0,7
20200219,0,8
20200219,0,9
20200219,0,10
20200219,0,11
20200219,0,12
20200219,0,13
20200227,0,0
20200227,0,1
20200227,0,2
20200227,0,3
20200227,0,4
20200227,0,5
20200227,0,6
20200227,0,7
20200227,0,8
20200227,0,9
20200227,0,10
20200227,0,11
20200227,0,12
20200227,0,13
20200306,0,0
20200306,0,1
20200306,0,2
20200306,0,3
20200306,0,4
20200306,0,5
20200306,0,6
20200306,0,7
20200306,0,8
20200306,0,9
20200306,0,10
20200306,0,11
20200306,0,12
20200306,0,13
20200310,0,0
20200310,0,1
20200310,0,2
20200310,0,3
20200310,0,4
20200310,0,5
20200310,0,6
20200310,0,7
20200310,0,8
20200310,0,9
20200310,0,10
20200310,0,11
20200310,0,12
20200310,0,13
20200316,0,0
20200316,0,1
20200316,0,2
20200316,0,3
20200316,0,4
20200316,0,5
20200316,0,6
20200316,0,7
20200316,0,8
20200316,0,9
20200316,0,10
20200316,0,11
20200316,0,12
20200316,0,13
20200320,0,0
20200320,0,1
20200320,0,2
20200320,0,3
20200320,0,4
20200320,0,5
20200320,0,6
20200320,0,7
20200320,0,8
20200320,0,9
20200320,0,10
20200320,0,11
20200320,0,12
20200320,0,13
20200326,0,0
20200326,0,1
20200326,0,2
20200326,0,3
20200326,0,4
20200326,0,5
20200326,0,6
20200326,0,7
20200326,0,8
20200326,0,9
20200326,0,10
20200326,0,11
20200326,0,12
20200326,0,13
20200401,0,0
20200401,0,1
20200401,0,2
20200401,0,3
20200401,0,4
20200401,0,5
20200401,0,6
20200401,0,7
20200401,0,8
20200401,0,9
20200401,0,10
20200401,0,13
20200401,1,11
20200401,1,12
20200409,0,0
20200409,0,1
20200409,0,2
20200409,0,3
20200409,0,4
20200409,0,5
20200409,0,6
20200409,0,7
20200409,0,8
20200409,0,9
20200409,0,10
20200409,0,13
20200409,1,11
20200409,1,12
20200414,0,0
20200414,0,1
20200414,0,2
20200414,0,3
20200414,0,4
20200414,0,5
20200414,0,6
20200414,0,7
20200414,0,8
20200414,0,9
20200414,0,10
20200414,0,13
20200414,1,11
20200414,1,12
20200419,0,0
20200419,0,1
20200419,0,2
20200419,0,3
20200419,0,4
20200419,0,5
20200419,0,6
20200419,0,7
20200419,0,8
20200419,0,9
20200419,0,10
20200419,0,13
20200419,1,11
20200419,1,12
20200427,0,0
20200427,0,1
20200427,0,2
20200427,0,3
20200427,0,4
20200427,0,5
20200427,0,6
20200427,0,7
20200427,0,8
20200427,0,9
20200427,0,10
20200427,0,13
20200427,1,11
20200427,1,12
20200501,0,0
20200501,0,1
20200501,0,2
20200501,0,3
20200501,0,4
20200501,0,5
20200501,0,6
20200501,0,7
20200501,0,8
20200501,0,9
20200501,0,10
20200501,0,13
20200501,1,11
20200501,1,12
20200508,0,0
20200508,0,1
20200508,0,2
20200508,0,3
20200508,0,4
20200508,0,5
20200508,0,6
20200508,0,7
20200508,0,8
20200508,0,9
20200508,0,10
20200508,0,13
20200508,1,11
20200508,1,12
20200517,0,0
20200517,0,1
20200517,0,2
20200517,0,3
20200517,0,4
20200517,0,5
20200517,0,6
20200517,0,7
20200517,0,8
20200517,0,9
20200517,0,10
20200517,0,13
20200517,1,11
20200517,1,12
20200522,0,0
20200522,0,1
20200522,0,2
20200522,0,3
20200522,0,4
20200522,0,5
20200522,0,6
20200522,0,7
20200522,0,8
20200522,0,9
20200522,0,10
20200522,0,11
20200522,0,12
20200522,0,13
20200530,0,0
20200530,0,1
20200530,0,2
20200530,0,3
20200530,0,4
20200530,0,5
20200530,0,6
20200530,0,7
20200530,0,8
20200530,0,9
20200530,0,10
20200530,0,11
20200530,0,12
20200530,0,13
20200606,0,0
20200606,0,1
20200606,0,2
20200606,0,3
20200606,0,4
20200606,0,5
20200606,0,6
20200606,0,7
20200606,0,8
20200606,0,9
20200606,0,10
20200606,0,11
20200606,0,12
20200606,0,13
20200613,0,0
20200613,0,1
20200613,0,2
20200613,0,3
20200613,0,4
20200613,0,5
20200613,0,6
20200613,0,7
20200613,0,8
20200613,0,9
20200613,0,10
20200613,0,11
20200613,0,12
20200613,0,13
20200621,0,0
20200621,0,1
20200621,0,2
20200621,0,3
20200621,0,4
20200621,0,5
20200621,0,6
20200621,0,7
20200621,0,8
20200621,0,9
20200621,0,10
20200621,0,11
20200621,0,12
20200621,0,13
20200628,0,0
20200628,0,1
20200628,0,2
20200628,0,3
20200628,0,4
20200628,0,5
20200628,0,6
20200628,0,7
20200628,0,8
20200628,0,9
20200628,0,10
20200628,0,11
20200628,0,12
20200628,0,13
20200704,0,0
20200704,0,1
20200704,0,2
20200704,0,3
20200704,0,4
20200704,0,5
20200704,0,6
20200704,0,7
20200704,0,8
20200704,0,9
20200704,0,10
20200704,0,11
20200704,0,12
20200704,0,13
20200710,0,0
20200710,0,1
20200710,0,2
20200710,0,3
20200710,0,4
20200710,0,5
20200710,0,6
20200710,0,7
20200710,0,8
20200710,0,9
20200710,0,10
20200710,0,11
20200710,0,12
20200710,0,13
20200715,0,0
20200715,0,1
20200715,0,2
20200715,0,3
20200715,0,4
20200715,0,5
20200715,0,6
20200715,0,7
20200715,0,8
20200715,0,9
20200715,0,10
20200715,0,11
20200715,0,12
20200715,0,13
20200720,0,0
20200720,0,1
20200720,0,2
20200720,0,3
20200720,0,4
20200720,0,5
20200720,0,6
20200720,0,7
20200720,0,8
20200720,0,9
20200720,0,10
20200720,0,11
20200720,0,12
20200720,0,13
20200726,0,0
20200726,0,1
20200726,0,2
20200726,0,3
20200726,0,4
20200726,0,5
20200726,0,6
20200726,0,7
20200726,0,8
20200726,0,9
20200726,0,10
20200726,0,11
20200726,0,12
20200726,0,13
20200802,0,0
20200802,0,1
20200802,0,2
20200802,0,3
20200802,0,4
20200802,0,5
20200802,0,6
20200802,0,7
20200802,0,8
20200802,0,9
20200802,0,10
20200802,0,11
20200802,0,12
20200802,0,13
20200811,0,0
20200811,0,1
20200811,0,2
20200811,0,3
20200811,0,4
20200811,0,5
20200811,0,6
20200811,0,7
20200811,0,8
20200811,0,9
20200811,0,10
20200811,0,11
20200811,0,12
20200811,0,13
20200819,0,0
20200819,0,1
20200819,0,2
20200819,0,3
20200819,0,4
20200819,0,5
20200819,0,6
20200819,0,7
20200819,0,8
20200819,0,9
20200819,0,10
20200819,0,11
20200819,0,12
20200819,0,13
20200825,0,0
20200825,0,1
20200825,0,2
20200825,0,3
20200825,0,4
20200825,0,5
20200825,0,6
20200825,0,7
20200825,0,8
20200825,0,9
20200825,0,10
20200825,0,11
20200825,0,12
20200825,0,13
20200830,0,0
20200830,0,1
20200830,0,2
20200830,0,3
20200830,0,4
20200830,0,5
20200830,0,6
20200830,0,7
20200830,0,8
20200830,0,9
20200830,0,10
20200830,0,11
20200830,0,12
20200830,0,13
20200907,0,0
20200907,0,1
20200907,0,2
20200907,0,3
20200907,0,4
20200907,0,5
20200907,0,6
20200907,0,7
20200907,0,8
20200907,0,9
20200907,0,10
20200907,0,11
20200907,0,12
20200907,0,13
20200916,0,0
20200916,0,1
20200916,0,2
20200916,0,7
20200916,0,8
20200916,0,9
20200916,0,10
20200916,0,11
20200916,0,12
20200916,0,13
20200916,1,3
20200916,1,4
20200916,1,5
20200916,1,6
20200922,0,0
20200922,0,1
20200922,0,2
20200922,0,7
20200922,0,8
20200922,0,9
20200922,0,10
20200922,0,11
20200922,0,12
20200922,0,13
20200922,1,3
20200922,1,4
20200922,1,5
20200922,1,6
20200930,0,0
20200930,0,1
20200930,0,2
20200930,0,7
20200930,0,8
20200930,0,9
20200930,0,10
20200930,0,11
20200930,0,12
20200930,0,13
20200930,1,3
20200930,1,4
20200930,1,5
20200930,1,6
20201007,0,0
20201007,0,1
20201007,0,2
20201007,0,7
20201007,0,8
20201007,0,9
20201007,0,10
20201007,0,11
20201007,0,12
20201007,0,13
20201007,1,3
20201007,1,4
20201007,1,5
20201007,1,6
20201014,2,3
20201014,2,4
20201014,2,5
20201014,2,6
20201014,0,0
20201014,0,1
20201014,0,2
20201014,0,7
20201014,0,8
20201014,0,9
20201014,0,10
20201014,0,11
20201014,0,12
20201014,0,13
20201026,1,7
20201026,1,9
20201026,1,8
20201026,1,10
20201026,1,11
20201026,1,12
20201026,2,3
20201026,2,4
20201026,2,5
20201026,2,6
20201026,0,0
20201026,0,1
20201026,0,2
20201026,0,13
20201104,1,7
20201104,1,9
20201104,1,8
20201104,1,10
20201104,1,11
20201104,1,12
20201104,2,3
20201104,2,4
20201104,2,5
20201104,2,6
20201104,0,0
20201104,0,1
20201104,0,2
20201104,0,13
20201118,2,3
20201118,2,5
20201118,2,4
20201118,2,6
20201118,1,8
20201118,1,7
20201118,1,9
20201118,2,10
20201118,2,11
20201118,1,12
20201118,0,0
20201118,0,1
20201118,0,2
20201118,0,13
20201130,2,3
20201130,2,5
20201130,2,4
20201130,2,6
20201130,1,8
20201130,1,7
20201130,1,9
20201130,2,10
20201130,2,11
20201130,1,12
20201130,0,0
20201130,0,1
20201130,0,2
20201130,0,13
20201209,2,3
20201209,2,5
20201209,2,4
20201209,2,6
20201209,1,8
20201209,1,7
20201209,1,9
20201209,2,10
20201209,2,11
20201209,1,12
20201209,0,0
20201209,0,1
20201209,0,2
20201209,0,13
20201216,2,3
20201216,2,5
20201216,2,4
20201216,2,6
20201216,1,8
20201216,1,7
20201216,1,9
20201216,2,10
20201216,2,11
20201216,1,12
20201216,0,0
20201216,0,1
20201216,0,2
20201216,0,13
20201229,2,3
20201229,2,5
20201229,2,4
20201229,2,6
20201229,1,8
20201229,1,7
20201229,1,9
20201229,2,10
20201229,2,11
20201229,1,12
20201229,0,0
20201229,0,1
20201229,0,2
20201229,0,13
20210106,2,3
20210106,3,5
20210106,3,4
20210106,3,6
20210106,1,8
20210106,1,7
20210106,1,9
20210106,2,10
20210106,2,11
20210106,1,12
20210106,0,0
20210106,0,1
20210106,0,2
20210106,0,13
20210128,2,3
20210128,3,5
20210128,3,4
20210128,3,6
20210128,1,8
20210128,1,7
20210128,1,9
20210128,2,10
20210128,2,11
20210128,1,12
20210128,0,0
20210128,0,1
20210128,0,2
20210128,0,13
20210214,2,3
20210214,3,5
20210214,3,4
20210214,3,6
20210214,1,8
20210214,1,7
20210214,1,9
20210214,2,10
20210214,2,11
20210214,1,12
20210214,0,0
20210214,0,1
20210214,0,2
20210214,0,13
20210225,2,3
20210225,3,5
20210225,3,4
20210225,3,6
20210225,2,8
20210225,2,7
20210225,3,10
20210225,3,11
20210225,2,12
20210225,0,0
20210225,0,1
20210225,0,2
20210225,0,13
20210225,2,9
20210304,2,3
20210304,3,5
20210304,3,4
20210304,3,6
20210304,2,8
20210304,2,7
20210304,3,10
20210304,3,11
20210304,2,12
20210304,0,0
20210304,0,1
20210304,0,2
20210304,0,13
20210304,2,9
20210323,2,3
20210323,3,5
20210323,3,4
20210323,3,6
20210323,2,8
20210323,2,7
20210323,3,10
20210323,3,11
20210323,2,12
20210323,0,0
20210323,0,1
20210323,0,2
20210323,0,13
20210323,2,9
20210401,2,3
20210401,3,5
20210401,3,4
20210401,3,6
20210401,2,8
20210401,2,7
20210401,3,10
20210401,3,11
20210401,3,12
20210401,0,0
20210401,0,1
20210401,0,2
20210401,0,13
20210401,2,9
20210406,2,3
20210406,4,5
20210406,3,4
20210406,4,6
20210406,2,8
20210406,2,7
20210406,3,10
20210406,3,11
20210406,3,12
20210406,0,0
20210406,0,1
20210406,0,2
20210406,0,13
20210406,2,9
20210416,2,3
20210416,4,5
20210416,3,4
20210416,4,6
20210416,2,8
20210416,2,7
20210416,3,10
20210416,3,11
20210416,3,12
20210416,0,0
20210416,0,1
20210416,0,2
20210416,0,13
20210416,2,9
20210521,3,3
20210521,4,5
20210521,3,4
20210521,4,6
20210521,2,8
20210521,2,7
20210521,3,10
20210521,3,11
20210521,3,12
20210521,0,0
20210521,0,1
20210521,0,2
20210521,0,13
20210521,2,9
20210529,3,3
20210529,4,5
20210529,3,4
20210529,4,6
20210529,2,8
20210529,2,7
20210529,3,10
20210529,3,11
20210529,2,12
20210529,0,0
20210529,0,1
20210529,0,2
20210529,0,13
20210529,2,9
20210606,3,3
20210606,3,5
20210606,3,4
20210606,3,6
20210606,2,8
20210606,2,7
20210606,3,10
20210606,3,11
20210606,2,12
20210606,0,0
20210606,0,1
20210606,0,2
20210606,0,13
20210606,2,9
20210607,3,3
20210607,3,5
20210607,3,4
20210607,3,6
20210607,0,8
20210607,1,7
20210607,3,10
20210607,3,11
20210607,0,12
20210607,0,0
20210607,0,1
20210607,0,2
20210607,0,13
20210607,1,9
20210622,2,3
20210622,2,5
20210622,2,4
20210622,3,6
20210622,0,8
20210622,0,7
20210622,1,10
20210622,1,11
20210622,0,12
20210622,0,0
20210622,0,1
20210622,0,2
20210622,0,13
20210622,0,9
20210630,1,3
20210630,2,5
20210630,0,4
20210630,3,6
20210630,0,8
20210630,0,7
20210630,0,10
20210630,0,11
20210630,0,12
20210630,0,0
20210630,0,1
20210630,0,2
20210630,0,13
20210630,0,9
20210727,0,3
20210727,0,5
20210727,2,6
20210727,0,0
20210727,0,1
20210727,0,2
20210727,0,4
20210727,0,7
20210727,0,8
20210727,0,9
20210727,0,10
20210727,0,11
20210727,0,12
20210727,0,13
20210805,0,0
20210805,0,1
20210805,0,2
20210805,0,3
20210805,0,4
20210805,0,5
20210805,0,6
20210805,0,7
20210805,0,8
20210805,0,9
20210805,0,10
20210805,0,11
20210805,0,12
20210805,0,13
20220815,1,0
20220827,1,1
20220827,1,3
20220827,1,11
20220827,1,2
20220827,1,0
20220905,0,0
20220905,0,1
20220905,0,2
20220905,0,3
20220905,0,4
20220905,0,5
20220905,0,6
20220905,0,7
20220905,0,8
20220905,0,9
20220905,0,10
20220905,0,12
20220905,0,13
20220905,1,11
20221017,0,0
20221017,0,1
20221017,0,2
20221017,0,3
20221017,0,4
20221017,0,5
20221017,0,6
20221017,0,7
20221017,0,8
20221017,0,9
20221017,0,10
20221017,0,12
20221017,0,13
20221017,1,11
20221023,0,0
20221023,0,1
20221023,0,2
20221023,0,3
20221023,0,4
20221023,0,5
20221023,0,6
20221023,0,7
20221023,0,8
20221023,0,9
20221023,0,10
20221023,0,12
20221023,0,13
20221023,1,11
20221028,0,0
20221028,0,1
20221028,0,2
20221028,0,3
20221028,0,4
20221028,0,5
20221028,0,6
20221028,0,7
20221028,0,8
20221028,0,9
20221028,0,10
20221028,0,12
20221028,0,13
20221028,1,11
20221103,0,0
20221103,0,1
20221103,0,2
20221103,0,3
20221103,0,4
20221103,0,5
20221103,0,6
20221103,0,7
20221103,0,8
20221103,0,9
20221103,0,10
20221103,0,12
20221103,0,13
20221103,1,11
20221113,0,0
20221113,0,1
20221113,0,2
20221113,0,3
20221113,0,4
20221113,0,5
20221113,0,6
20221113,0,7
20221113,0,8
20221113,0,9
20221113,0,10
20221113,0,12
20221113,0,13
20221113,1,11
20221126,0,0
20221126,0,1
20221126,0,2
20221126,0,3
20221126,0,4
20221126,0,5
20221126,0,6
20221126,0,7
20221126,0,8
20221126,0,9
20221126,0,10
20221126,0,12
20221126,0,13
20221126,1,11
20221202,0,0
20221202,0,1
20221202,0,2
20221202,0,3
20221202,0,4
20221202,0,5
20221202,0,6
20221202,0,7
20221202,0,8
20221202,0,9
20221202,0,12
20221202,0,13
20221202,1,10
20221202,2,11
20221214,0,0
20221214,0,1
20221214,0,2
20221214,0,3
20221214,0,4
20221214,0,5
20221214,0,6
20221214,0,7
20221214,0,8
20221214,0,9
20221214,0,12
20221214,0,13
20221214,1,10
20221214,2,11
20221222,0,0
20221222,0,1
20221222,0,2
20221222,0,3
20221222,0,4
20221222,0,5
20221222,0,6
20221222,0,7
20221222,0,8
20221222,0,9
20221222,0,12
20221222,0,13
20221222,1,10
20221222,2,11
20221229,0,0
20221229,0,1
20221229,0,2
20221229,0,3
20221229,0,4
20221229,0,5
20221229,0,6
20221229,0,7
20221229,0,8
20221229,0,9
20221229,0,12
20221229,0,13
20221229,1,10
20221229,2,11
